Date,Open,High,Low,Close,Volume
2016-12-30,14.42,14.5,14.112,14.246,69639300.0
2016-12-29,14.5707,14.6133,14.275,14.31,59207790.0
2016-12-28,14.7687,14.92,14.48,14.6493,55285500.0
2016-12-27,14.3253,14.8167,14.2947,14.6353,85326255.0
2016-12-23,13.8667,14.23,13.8473,14.2227,64233720.0
2016-12-22,13.8813,13.9993,13.7667,13.8967,45456375.0
2016-12-21,13.8967,14.1487,13.8273,13.8467,76344150.0
2016-12-20,13.5367,13.9333,13.5,13.9193,69327735.0
2016-12-19,13.4993,13.63,13.3227,13.5153,51048390.0
2016-12-16,13.2053,13.506,13.1733,13.4993,54686025.0
2016-12-15,13.2273,13.3827,13.1593,13.172,47349300.0
2016-12-14,13.2493,13.5333,13.1173,13.246,61897860.0
2016-12-13,12.8787,13.4187,12.8667,13.21,99715230.0
2016-12-12,12.8533,12.9613,12.736,12.8287,36060195.0
2016-12-09,12.7247,12.9223,12.7207,12.812,40391295.0
2016-12-08,12.8033,12.8333,12.636,12.8193,46626960.0
2016-12-07,12.41,12.8933,12.3333,12.876,79686315.0
2016-12-06,12.368,12.4387,12.179,12.39,50258040.0
2016-12-05,12.1673,12.5927,12.1673,12.4533,58931250.0
2016-12-02,12.192,12.3253,12.0,12.098,59423145.0
2016-12-01,12.55,12.5687,12.0667,12.1253,74774385.0
2016-11-30,12.7333,12.7927,12.5,12.6267,51503475.0
2016-11-29,13.0373,13.1153,12.6333,12.638,64908225.0
2016-11-28,13.032,13.29,12.97,13.0747,65989725.0
2016-11-25,12.9093,13.149,12.9093,13.11,34833240.0
2016-11-23,12.7073,13.043,12.6,12.876,70220145.0
2016-11-22,12.3893,12.7647,12.2473,12.7447,83511015.0
2016-11-21,12.336,12.5927,12.294,12.3133,64941270.0
2016-11-18,12.71,12.8667,12.3333,12.3347,77704125.0
2016-11-17,12.2327,12.6327,12.1407,12.5773,67815780.0
2016-11-16,12.1767,12.3153,12.0807,12.262,51078150.0
2016-11-15,12.1853,12.4287,12.1367,12.2513,58530270.0
2016-11-14,12.5333,12.55,11.8793,12.0967,98283075.0
2016-11-11,12.2827,12.592,12.2,12.5707,58538640.0
2016-11-10,12.7367,12.774,12.028,12.3567,99932550.0
2016-11-09,12.4583,12.8,12.2633,12.6707,121972710.0
2016-11-08,12.9193,13.166,12.7507,12.996,47564715.0
2016-11-07,12.906,12.9527,12.67,12.8807,56728905.0
2016-11-04,12.6,12.8973,12.3973,12.704,77190645.0
2016-11-03,12.6,12.7647,12.4693,12.4947,39795345.0
2016-11-02,12.67,12.8463,12.5003,12.5347,63800730.0
2016-11-01,13.2027,13.2333,12.5403,12.7193,105900540.0
2016-10-31,13.4993,13.4993,13.054,13.182,70384095.0
2016-10-28,13.6,13.688,13.322,13.3313,63030705.0
2016-10-27,14.0893,14.2467,13.4433,13.6007,191784030.0
2016-10-26,13.4,13.546,13.34,13.4827,48029040.0
2016-10-25,13.5267,13.646,13.4133,13.4893,32718435.0
2016-10-24,13.4,13.5963,13.35,13.5173,39959130.0
2016-10-21,13.24,13.438,13.1607,13.3393,33077490.0
2016-10-20,13.4747,13.5333,13.1367,13.2733,64948020.0
2016-10-19,13.316,13.7773,13.204,13.5707,84610620.0
2016-10-18,13.066,13.298,12.884,13.2733,73818900.0
2016-10-17,13.1367,13.226,12.8,12.9307,58331940.0
2016-10-14,13.3773,13.4287,13.0867,13.1007,47913015.0
2016-10-13,13.3667,13.393,13.1367,13.3493,33137250.0
2016-10-12,13.3967,13.592,13.3613,13.434,25068165.0
2016-10-11,13.4567,13.48,13.2207,13.34,33566775.0
2016-10-10,13.4233,13.6093,13.3107,13.3967,43420575.0
2016-10-07,13.4,13.4213,13.0533,13.1073,44173905.0
2016-10-06,13.4973,13.614,13.3473,13.4,67603155.0
2016-10-05,14.1493,14.21,13.8747,13.8973,23705955.0
2016-10-04,14.2067,14.2213,13.9213,14.094,45549375.0
2016-10-03,14.1533,14.378,13.8833,14.2467,79822860.0
2016-09-30,13.4807,13.6653,13.3033,13.602,36826230.0
2016-09-29,13.7067,13.822,13.372,13.38,34996485.0
2016-09-28,13.834,13.8833,13.684,13.7513,20548275.0
2016-09-27,13.9767,13.9987,13.6407,13.7207,37758465.0
2016-09-26,13.7667,14.0667,13.7667,13.9327,34518375.0
2016-09-23,13.7327,14.012,13.7113,13.83,40326630.0
2016-09-22,13.76,13.8187,13.5333,13.762,35023050.0
2016-09-21,13.758,13.8,13.4373,13.6813,31295040.0
2016-09-20,13.79,13.85,13.594,13.6427,24861150.0
2016-09-19,13.8,13.962,13.6667,13.756,28437825.0
2016-09-16,13.3613,13.7133,13.2667,13.6933,36271350.0
2016-09-15,13.0993,13.5013,13.0933,13.348,32893980.0
2016-09-14,13.05,13.195,12.9903,13.094,26262960.0
2016-09-13,13.1373,13.2327,12.8967,13.07,44217765.0
2016-09-12,13.0,13.4247,12.94,13.22,45682050.0
2016-09-09,13.2727,13.328,12.9133,12.9647,46547970.0
2016-09-08,13.3033,13.326,13.0907,13.1573,47108895.0
2016-09-07,13.7,13.7663,13.3807,13.4467,39914670.0
2016-09-06,13.268,13.55,13.2667,13.5213,63314040.0
2016-09-02,13.4887,13.5467,13.08,13.1853,80531415.0
2016-09-01,13.934,14.0733,13.3667,13.3847,101478885.0
2016-08-31,14.0287,14.1733,13.91,14.134,45252405.0
2016-08-30,14.4073,14.4073,14.0347,14.0893,39293820.0
2016-08-29,14.6767,14.6933,14.3333,14.3467,41490345.0
2016-08-26,14.8093,14.857,14.588,14.666,28066035.0
2016-08-25,14.874,14.92,14.718,14.7307,23702400.0
2016-08-24,15.1367,15.1433,14.8147,14.8413,30849030.0
2016-08-23,14.9547,15.2327,14.8533,14.9893,61726590.0
2016-08-22,14.9447,15.0073,14.8453,14.862,25912890.0
2016-08-19,14.9027,15.0113,14.8353,15.0,18998940.0
2016-08-18,14.9213,15.044,14.8193,14.9007,24686520.0
2016-08-17,14.9553,14.9887,14.8533,14.8827,21529665.0
2016-08-16,15.0327,15.146,14.894,14.9073,25531980.0
2016-08-15,15.068,15.3,14.9953,15.0393,24859200.0
2016-08-12,15.0273,15.11,14.936,15.0407,22213635.0
2016-08-11,15.078,15.1713,14.894,14.994,24584895.0
2016-08-10,15.216,15.3247,14.9747,15.0433,27892500.0
2016-08-09,15.1213,15.436,15.11,15.272,26013270.0
2016-08-08,15.2,15.3067,15.0727,15.0773,26966730.0
2016-08-05,15.3333,15.4667,15.16,15.3353,38076855.0
2016-08-04,15.046,15.3907,14.8033,15.374,51730455.0
2016-08-03,15.158,15.3133,14.9473,15.0387,40959225.0
2016-08-02,15.2913,15.3247,14.76,15.1467,53986590.0
2016-08-01,15.7,15.7753,15.292,15.334,56852205.0
2016-07-29,15.38,15.6853,15.3493,15.6527,43629150.0
2016-07-28,15.1967,15.384,15.1067,15.374,31977600.0
2016-07-27,15.2893,15.5573,15.128,15.2327,35485035.0
2016-07-26,15.1793,15.3333,15.02,15.3007,45585345.0
2016-07-25,14.818,15.426,14.758,15.334,57793260.0
2016-07-22,14.7993,14.9667,14.592,14.818,36559890.0
2016-07-21,15.0667,15.1897,14.6067,14.7,56297250.0
2016-07-20,15.098,15.32,15.0,15.224,34434720.0
2016-07-19,15.0,15.2733,14.9833,15.0173,41758845.0
2016-07-18,14.6427,15.1393,14.5533,15.0833,43410225.0
2016-07-15,14.8347,14.85,14.6427,14.6913,26762295.0
2016-07-14,14.8747,14.996,14.7367,14.7687,32855595.0
2016-07-13,15.0333,15.0393,14.686,14.8353,43286415.0
2016-07-12,14.94,15.1667,14.8813,14.9767,60062925.0
2016-07-11,14.664,15.1187,14.634,14.9853,71006595.0
2016-07-08,14.52,14.654,14.3,14.452,48144270.0
2016-07-07,14.2067,14.5413,14.2007,14.396,41083065.0
2016-07-06,14.0,14.3487,13.9333,14.296,66134355.0
2016-07-05,13.982,14.303,13.8667,14.2653,66523215.0
2016-07-01,13.7427,14.5493,13.7333,14.4333,71393595.0
2016-06-30,14.198,14.2333,13.9347,14.152,54177060.0
2016-06-29,13.6753,14.1187,13.5333,14.0107,69021300.0
2016-06-28,13.4593,13.6033,13.294,13.4527,85880145.0
2016-06-27,12.724,13.254,12.5247,13.2367,101696535.0
2016-06-24,12.67,13.008,12.6487,12.8767,87820920.0
2016-06-23,13.046,13.17,12.8087,13.0933,141971805.0
2016-06-22,13.298,13.73,13.05,13.1107,339467235.0
2016-06-21,14.712,14.838,14.5873,14.6407,33400410.0
2016-06-20,14.6333,14.9167,14.5487,14.6467,45312990.0
2016-06-17,14.5207,14.666,14.3,14.3653,39085245.0
2016-06-16,14.4947,14.536,14.2333,14.5287,31483665.0
2016-06-15,14.4633,14.7933,14.342,14.5133,41708400.0
2016-06-14,14.592,14.8133,14.1687,14.33,44121930.0
2016-06-13,14.6333,15.0513,14.5107,14.5247,53781570.0
2016-06-10,15.1593,15.198,14.5613,14.586,79170255.0
2016-06-09,15.6653,15.6887,15.1373,15.2907,62181855.0
2016-06-08,15.5867,16.0563,15.507,15.7013,76389195.0
2016-06-07,14.816,15.6293,14.768,15.4893,82964280.0
2016-06-06,14.5333,14.7267,14.3633,14.712,28523700.0
2016-06-03,14.6667,14.796,14.534,14.5993,28469310.0
2016-06-02,14.6393,14.6607,14.474,14.5973,25061235.0
2016-06-01,14.7653,14.8267,14.4593,14.6373,38249010.0
2016-05-31,14.8693,14.9833,14.7667,14.882,30702420.0
2016-05-27,14.9993,15.062,14.7167,14.8693,46226010.0
2016-05-26,14.7,15.0173,14.6033,15.008,53414955.0
2016-05-25,14.5273,14.7573,14.434,14.6387,37710420.0
2016-05-24,14.44,14.5827,14.3453,14.5273,43929885.0
2016-05-23,14.658,14.84,14.3907,14.4147,65032305.0
2016-05-20,14.466,14.7033,14.4233,14.6853,129528240.0
2016-05-19,14.2413,14.4527,13.82,14.3473,98736285.0
2016-05-18,13.9433,14.354,13.85,14.078,66822720.0
2016-05-17,13.9367,13.988,13.6013,13.644,34545030.0
2016-05-16,13.8767,14.21,13.8613,13.886,37116690.0
2016-05-13,13.852,14.08,13.78,13.8407,36029565.0
2016-05-12,14.096,14.1113,13.577,13.8133,46001190.0
2016-05-11,13.8393,14.3653,13.7367,13.9307,75635790.0
2016-05-10,13.8367,13.9647,13.6667,13.9127,52374495.0
2016-05-09,14.3813,14.41,13.7867,13.928,67800930.0
2016-05-06,14.058,14.4247,13.874,14.3287,75052455.0
2016-05-05,15.2307,15.2427,13.986,14.102,164280735.0
2016-05-04,15.3527,15.6307,14.6933,14.8373,107416005.0
2016-05-03,15.824,15.9273,15.4413,15.488,60011535.0
2016-05-02,16.1,16.2127,15.6547,16.12,48785250.0
2016-04-29,16.5427,16.562,15.854,16.0507,67807365.0
2016-04-28,16.6567,16.8953,16.496,16.514,31923975.0
2016-04-27,16.85,17.0,16.6267,16.7647,44667915.0
2016-04-26,16.8033,17.0487,16.626,16.916,41642355.0
2016-04-25,16.8673,17.1587,16.7173,16.788,46062855.0
2016-04-22,16.5927,16.9333,16.3807,16.9167,50069595.0
2016-04-21,16.5993,16.7267,16.4607,16.5527,39675270.0
2016-04-20,16.4173,16.9107,16.1,16.6647,71030265.0
2016-04-19,16.8747,16.958,16.0833,16.4913,81050385.0
2016-04-18,16.8153,17.2207,16.7773,16.9253,60820530.0
2016-04-15,16.754,16.9733,16.608,16.9673,51453195.0
2016-04-14,16.8667,17.1227,16.7367,16.7907,54792285.0
2016-04-13,16.5673,17.0333,16.4887,16.9687,63782160.0
2016-04-12,16.6333,16.7867,16.242,16.5213,73695240.0
2016-04-11,16.7333,17.266,16.3533,16.6613,118741455.0
2016-04-08,17.3667,17.388,16.5347,16.6713,92681295.0
2016-04-07,17.7633,17.956,16.9673,17.1467,114629775.0
2016-04-06,16.9313,17.8493,16.8967,17.6947,147592875.0
2016-04-05,16.0333,17.104,16.0,17.0313,145040715.0
2016-04-04,16.608,16.808,16.2427,16.466,171569715.0
2016-04-01,16.3217,16.5267,15.55,15.8393,225203625.0
2016-03-31,15.2893,15.828,15.0007,15.318,102739680.0
2016-03-30,15.6727,15.7,15.1,15.126,52494720.0
2016-03-29,15.326,15.492,15.022,15.342,57750120.0
2016-03-28,15.4407,15.654,15.0,15.3507,49896180.0
2016-03-24,14.3853,15.2593,14.3333,15.1833,74413500.0
2016-03-23,15.4913,15.6487,14.802,14.8387,74232615.0
2016-03-22,15.814,15.9327,15.504,15.616,64739820.0
2016-03-21,15.6893,15.992,15.6667,15.888,79617330.0
2016-03-18,15.2733,15.632,15.204,15.516,70676895.0
2016-03-17,14.7647,15.2333,14.6667,15.092,56743365.0
2016-03-16,14.5333,14.8387,14.468,14.7953,52750545.0
2016-03-15,14.2847,14.598,14.1,14.556,47706780.0
2016-03-14,14.1767,14.448,14.0427,14.3433,60985590.0
2016-03-11,13.862,13.9613,13.6887,13.8333,42247140.0
2016-03-10,14.0,14.2193,13.378,13.6787,77887845.0
2016-03-09,13.6347,13.9583,13.5193,13.9147,41284755.0
2016-03-08,13.5667,13.8333,13.48,13.5067,57431955.0
2016-03-07,13.1787,13.98,13.16,13.686,67336530.0
2016-03-04,13.2,13.602,13.1667,13.4027,85982610.0
2016-03-03,12.552,13.1613,12.2813,13.0493,63703020.0
2016-03-02,12.2487,12.568,12.1,12.556,68043180.0
2016-03-01,12.95,13.0633,12.18,12.4233,87525435.0
2016-02-29,12.8267,13.09,12.6147,12.7953,63397170.0
2016-02-26,12.58,12.8,12.3333,12.6893,78458610.0
2016-02-25,11.91,12.568,11.68,12.4953,67761840.0
2016-02-24,11.5167,11.9667,11.1893,11.9333,69536655.0
2016-02-23,11.744,12.1153,11.5787,11.814,88144425.0
2016-02-22,11.3413,11.9273,11.3233,11.8493,66265875.0
2016-02-19,10.9107,11.166,10.8333,11.1053,37264470.0
2016-02-18,11.4947,11.53,10.9847,11.118,52910430.0
2016-02-17,10.6,11.2893,10.4453,11.2453,76512825.0
2016-02-16,10.58,10.8633,10.274,10.3447,80315850.0
2016-02-12,10.3333,10.4673,9.58,10.0693,95626635.0
2016-02-11,10.1333,10.884,9.8,10.0313,201263340.0
2016-02-10,10.0333,10.3313,9.44933,9.578,120796845.0
2016-02-09,9.488,10.6527,9.40333,9.88333,119256105.0
2016-02-08,10.4737,10.4767,9.73333,9.86867,114857400.0
2016-02-05,11.42,11.5333,10.5163,10.84,132853560.0
2016-02-04,11.38,11.732,11.1327,11.6887,55467900.0
2016-02-03,12.2393,12.2627,11.3453,11.5653,101493180.0
2016-02-02,12.828,12.8747,12.0153,12.1853,74912445.0
2016-02-01,12.584,13.3013,12.1833,13.1293,68587830.0
2016-01-29,12.6633,12.916,12.5387,12.7407,33669555.0
2016-01-28,12.7193,12.752,12.1607,12.6467,58011195.0
2016-01-27,12.8253,12.884,12.3847,12.538,52959900.0
2016-01-26,13.1133,13.188,12.592,12.904,61859130.0
2016-01-25,13.3373,13.5713,13.0587,13.0913,32264760.0
2016-01-22,13.6533,13.7,13.2687,13.5033,46224390.0
2016-01-21,13.4367,13.5487,13.0013,13.3313,44326125.0
2016-01-20,13.2933,13.4187,12.75,13.2467,79794870.0
2016-01-19,13.914,14.0313,13.3853,13.648,60579000.0
2016-01-15,13.2647,13.6713,13.15,13.666,63766275.0
2016-01-14,13.4807,14.0,12.892,13.7453,89483055.0
2016-01-13,14.134,14.1767,13.3333,13.354,57319155.0
2016-01-12,14.1067,14.2493,13.6873,13.998,38930835.0
2016-01-11,14.2673,14.2967,13.5333,13.8567,61371330.0
2016-01-08,14.524,14.696,14.0513,14.0667,52566915.0
2016-01-07,14.2793,14.5627,14.2447,14.3767,51161790.0
2016-01-06,14.6667,14.67,14.3987,14.6027,52392165.0
2016-01-05,15.0907,15.4867,14.6667,14.8953,46296375.0
2016-01-04,15.3813,15.4253,14.6,14.894,91867230.0
2015-12-31,15.9007,16.23,15.8913,16.0007,37546545.0
2015-12-30,15.7733,16.2423,15.7113,15.8727,46861110.0
2015-12-29,15.3373,15.848,15.3033,15.8127,36094350.0
2015-12-28,15.4327,15.4653,15.036,15.2633,28519560.0
2015-12-24,15.3707,15.4587,15.2187,15.3713,10654155.0
2015-12-23,15.4787,15.5633,15.2087,15.3133,23323500.0
2015-12-22,15.666,15.77,15.3087,15.33,29417325.0
2015-12-21,15.446,15.722,15.4053,15.504,29296500.0
2015-12-18,15.526,15.7267,15.286,15.364,45211500.0
2015-12-17,15.596,15.8507,15.3207,15.5593,49479000.0
2015-12-16,14.8067,15.6587,14.7153,15.634,76564500.0
2015-12-15,14.788,14.8147,14.5333,14.7393,33666000.0
2015-12-14,14.5007,14.728,14.3247,14.572,42461970.0
2015-12-11,15.016,15.05,14.4427,14.468,49030500.0
2015-12-10,14.9807,15.2327,14.9093,15.138,31074000.0
2015-12-09,15.1133,15.1667,14.7147,14.968,45865500.0
2015-12-08,15.168,15.2533,14.9467,15.1147,40314540.0
2015-12-07,15.18,15.7087,15.0767,15.4087,47163000.0
2015-12-04,15.4973,15.5513,15.1773,15.3587,38604000.0
2015-12-03,15.6987,15.83,15.3333,15.514,44092995.0
2015-12-02,15.8,15.9067,15.4153,15.466,44711520.0
2015-12-01,15.404,15.8667,15.4033,15.8127,56009325.0
2015-11-30,15.4527,15.6187,15.272,15.3507,39897000.0
2015-11-27,15.404,15.4833,15.134,15.4407,29239500.0
2015-11-25,14.756,15.388,14.692,15.3093,59860500.0
2015-11-24,14.358,14.7333,14.3333,14.55,37189500.0
2015-11-23,14.49,14.612,14.312,14.5167,37891500.0
2015-11-20,14.8993,15.0,14.2387,14.6673,66010500.0
2015-11-19,14.7027,15.0793,14.6867,14.7867,37564500.0
2015-11-18,14.3,14.7587,14.168,14.738,42178500.0
2015-11-17,14.3467,14.4,14.0933,14.2667,32229000.0
2015-11-16,13.7393,14.332,13.72,14.2873,43879500.0
2015-11-13,14.1967,14.1993,13.768,13.8127,51454500.0
2015-11-12,14.5233,14.6,14.1773,14.196,43738500.0
2015-11-11,14.518,14.632,14.242,14.6053,50217000.0
2015-11-10,14.8987,14.9133,14.4053,14.4333,69255000.0
2015-11-09,15.5327,15.5327,14.954,15.022,57762900.0
2015-11-06,15.38,15.5573,15.3,15.4907,36678000.0
2015-11-05,15.372,15.6387,15.2793,15.4513,67452000.0
2015-11-04,15.1333,15.516,15.0133,15.442,190875780.0
2015-11-03,14.2567,14.296,13.85,13.89,124986000.0
2015-11-02,13.928,14.3867,13.8147,14.2527,58916595.0
2015-10-30,14.0267,14.1087,13.5927,13.7953,66583500.0
2015-10-29,14.1167,14.25,14.0427,14.1087,27075000.0
2015-10-28,14.0873,14.23,13.8867,14.1973,40927500.0
2015-10-27,14.3227,14.4733,13.834,14.0233,52791000.0
2015-10-26,14.092,14.392,14.0,14.3507,50871000.0
2015-10-23,14.3333,14.3567,13.846,13.9393,63531000.0
2015-10-22,14.104,14.3833,13.96,14.1147,42376500.0
2015-10-21,14.1327,14.3207,13.92,14.006,62751000.0
2015-10-20,15.1813,15.24,13.4667,14.202,186838470.0
2015-10-19,15.1,15.41,14.996,15.2067,37618425.0
2015-10-16,14.8693,15.3653,14.858,15.134,65016000.0
2015-10-15,14.4287,14.782,14.2467,14.754,42663000.0
2015-10-14,14.7113,14.73,14.362,14.4587,46566000.0
2015-10-13,14.2187,14.8347,14.0753,14.6167,77572500.0
2015-10-12,14.866,14.8667,14.3513,14.372,57485970.0
2015-10-09,14.7287,14.958,14.5573,14.7127,92352000.0
2015-10-08,15.3387,15.3813,14.754,15.1147,91998000.0
2015-10-07,15.7753,15.8467,15.2747,15.464,102208500.0
2015-10-06,16.0,16.202,15.7053,16.0973,78537000.0
2015-10-05,16.5893,16.656,16.2753,16.41,55333320.0
2015-10-02,15.7067,16.5133,15.662,16.5047,66358500.0
2015-10-01,16.5007,16.5667,15.8087,15.992,68593500.0
2015-09-30,16.8,16.8267,16.156,16.56,73942500.0
2015-09-29,16.6973,16.982,16.364,16.4433,55546500.0
2015-09-28,17.1567,17.3193,16.4407,16.562,73508685.0
2015-09-25,17.774,17.794,17.0767,17.1273,56599500.0
2015-09-24,17.302,17.5633,17.0807,17.5413,51673905.0
2015-09-23,17.4633,17.472,17.172,17.404,39011670.0
2015-09-22,17.2687,17.51,17.058,17.396,54964500.0
2015-09-21,17.5987,18.1047,17.0533,17.6133,91801500.0
2015-09-18,17.1973,17.588,17.1667,17.3747,56445000.0
2015-09-17,17.5973,17.7,17.3793,17.4713,53787180.0
2015-09-16,16.8693,17.5253,16.8587,17.4833,66255000.0
2015-09-15,16.85,16.9733,16.6333,16.9047,44001000.0
2015-09-14,16.74,16.95,16.6447,16.8793,43362000.0
2015-09-11,16.5093,16.6827,16.3153,16.6827,35262000.0
2015-09-10,16.482,16.7147,16.3553,16.5653,40634430.0
2015-09-09,16.8033,16.95,16.5533,16.594,50860500.0
2015-09-08,16.3367,16.6107,16.27,16.5447,47073000.0
2015-09-04,16.0593,16.2727,15.88,16.1287,55336500.0
2015-09-03,16.804,16.8053,16.3333,16.3713,62920500.0
2015-09-02,16.3533,16.5253,15.9853,16.5127,69436500.0
2015-09-01,16.0227,16.4,15.798,15.9087,81820500.0
2015-08-31,16.3747,16.9967,16.3673,16.604,70503000.0
2015-08-28,16.124,16.7633,16.1047,16.5653,82704000.0
2015-08-27,15.4,16.3167,15.3873,16.1993,114838500.0
2015-08-26,15.1953,15.2,14.3673,14.9893,74445000.0
2015-08-25,15.3793,15.3933,14.608,14.6687,64908000.0
2015-08-24,13.5193,15.4267,13.0,14.5913,143710335.0
2015-08-21,15.7333,16.2533,15.3673,15.3847,98853000.0
2015-08-20,16.804,16.9707,16.1267,16.1453,73585500.0
2015-08-19,17.3553,17.3767,17.0013,17.0167,54063000.0
2015-08-18,17.0253,17.3967,16.904,17.3813,62925000.0
2015-08-17,17.0373,17.106,16.7007,16.9993,107649000.0
2015-08-14,16.4827,16.5287,16.118,16.21,65472000.0
2015-08-13,15.9907,16.432,15.9413,16.1673,70336500.0
2015-08-12,15.6667,15.9847,15.516,15.878,56086500.0
2015-08-11,15.81,15.9533,15.6293,15.8247,63934710.0
2015-08-10,15.8767,16.198,15.7367,16.076,62787000.0
2015-08-07,16.2387,16.2487,15.8927,16.1673,76099500.0
2015-08-06,16.636,17.0,15.7413,16.4087,219296130.0
2015-08-05,17.572,18.0667,17.36,18.0087,93214500.0
2015-08-04,17.334,17.7813,17.2227,17.752,35287500.0
2015-08-03,17.7527,17.7807,17.138,17.3327,38296620.0
2015-07-31,17.84,17.9573,17.6747,17.7433,33337500.0
2015-07-30,17.5127,17.796,17.474,17.786,30517500.0
2015-07-29,17.618,17.8593,17.4667,17.588,41850000.0
2015-07-28,17.05,17.6933,16.7893,17.6547,58437000.0
2015-07-27,17.4953,17.6287,16.7193,16.8673,70411500.0
2015-07-24,17.8253,18.0727,17.5947,17.694,42546000.0
2015-07-23,17.9767,17.9933,17.6847,17.8133,33408000.0
2015-07-22,17.418,17.9627,17.3907,17.858,46573500.0
2015-07-21,18.0033,18.2333,17.77,17.7847,91629000.0
2015-07-20,18.3333,19.11,18.1693,18.8173,74676000.0
2015-07-17,18.1613,18.3693,17.8833,18.3107,75060000.0
2015-07-16,17.6147,17.8133,17.544,17.7787,24238500.0
2015-07-15,17.7827,17.8327,17.472,17.5427,30312945.0
2015-07-14,17.4733,17.7327,17.3673,17.71,28611330.0
2015-07-13,17.48,17.5033,17.07,17.4773,44404500.0
2015-07-10,17.4813,17.5333,17.188,17.2767,39162000.0
2015-07-09,17.272,17.53,17.1193,17.1947,50010000.0
2015-07-08,17.288,17.3867,16.954,16.9973,93315000.0
2015-07-07,18.3333,18.3467,17.3847,17.8587,91576500.0
2015-07-06,18.5633,18.7793,18.42,18.648,61828500.0
2015-07-02,18.6667,18.83,18.2207,18.668,107458500.0
2015-07-01,18.074,18.1747,17.8567,17.9433,31518000.0
2015-06-30,17.6533,18.0613,17.6,17.884,46304025.0
2015-06-29,17.4633,17.73,17.38,17.468,52183500.0
2015-06-26,17.926,17.9407,17.7333,17.806,57576000.0
2015-06-25,17.7633,18.094,17.6833,17.9193,42738000.0
2015-06-24,17.7987,17.8233,17.5813,17.678,36183000.0
2015-06-23,17.354,17.8667,17.238,17.8447,58062270.0
2015-06-22,17.4767,17.6267,17.046,17.3193,68415000.0
2015-06-19,17.4933,17.5867,17.34,17.5007,36945000.0
2015-06-18,17.4667,17.564,17.3347,17.4593,41740500.0
2015-06-17,16.8113,17.624,16.8013,17.3607,82693500.0
2015-06-16,16.6753,16.896,16.6067,16.8747,29769000.0
2015-06-15,16.6467,16.752,16.4007,16.692,32791500.0
2015-06-12,16.7073,16.8973,16.6807,16.7127,21274500.0
2015-06-11,16.884,16.958,16.6953,16.7607,30660870.0
2015-06-10,16.7933,16.9333,16.5667,16.7133,51811110.0
2015-06-09,17.0267,17.1827,16.9427,17.0667,39146160.0
2015-06-08,16.7173,17.25,16.6873,17.086,75253500.0
2015-06-05,16.4107,16.6467,16.3787,16.6093,45330000.0
2015-06-04,16.5,16.62,16.3807,16.3947,36804000.0
2015-06-03,16.5467,16.7147,16.4673,16.5993,26722500.0
2015-06-02,16.5947,16.6267,16.42,16.5567,31941600.0
2015-06-01,16.7607,16.7733,16.498,16.63,37575855.0
2015-05-29,16.7333,16.858,16.6287,16.72,56838000.0
2015-05-28,16.4687,16.7867,16.3367,16.7633,54697200.0
2015-05-27,16.5673,16.6333,16.37,16.4953,51123000.0
2015-05-26,16.512,16.8,16.4333,16.4973,52463460.0
2015-05-22,16.3633,16.5733,16.334,16.5153,33345000.0
2015-05-21,16.202,16.4413,16.1573,16.3747,29559000.0
2015-05-20,16.4753,16.516,16.0913,16.29,56332500.0
2015-05-19,16.556,16.7333,16.41,16.476,55113465.0
2015-05-18,16.4573,16.66,16.4,16.5833,50285520.0
2015-05-15,16.284,16.6267,16.1667,16.5893,67876905.0
2015-05-14,16.3213,16.326,16.0833,16.2733,43438500.0
2015-05-13,16.5073,16.5533,16.15,16.212,81601500.0
2015-05-12,16.0073,16.4233,15.8793,16.316,95451435.0
2015-05-11,15.7527,16.192,15.6873,15.966,85083000.0
2015-05-08,15.7327,15.894,15.58,15.774,70023000.0
2015-05-07,14.7333,15.832,14.6833,15.7867,141729405.0
2015-05-06,15.6067,15.6313,15.2133,15.362,78537300.0
2015-05-05,15.8507,15.9667,15.2753,15.53,86952000.0
2015-05-04,15.212,15.6487,15.1407,15.3673,66517500.0
2015-05-01,15.3293,15.4513,14.6933,15.0687,79224000.0
2015-04-30,15.3593,15.526,15.0113,15.07,58677000.0
2015-04-29,15.3367,15.6647,15.1753,15.4967,59040000.0
2015-04-28,15.65,15.7,15.202,15.3653,91280685.0
2015-04-27,14.8373,15.9167,14.8,15.4367,175089000.0
2015-04-24,14.7,14.72,14.534,14.562,36417645.0
2015-04-23,14.5513,14.7653,14.4767,14.5733,66166500.0
2015-04-22,14.1667,14.792,14.1127,14.6293,117920700.0
2015-04-21,13.72,14.05,13.6207,13.9607,51457560.0
2015-04-20,13.7853,13.8567,13.59,13.6847,38388390.0
2015-04-17,13.666,13.792,13.5667,13.786,37048500.0
2015-04-16,13.8467,13.9447,13.7527,13.78,24885885.0
2015-04-15,13.8307,13.9727,13.7733,13.8553,29204010.0
2015-04-14,13.9047,13.966,13.7,13.8307,45388500.0
2015-04-13,14.048,14.2,13.9367,13.9853,56373000.0
2015-04-10,13.99,14.11,13.9333,14.06,61014000.0
2015-04-09,13.8953,14.0247,13.7413,14.006,56958105.0
2015-04-08,13.904,14.06,13.7247,13.8447,94546500.0
2015-04-07,13.4767,13.6707,13.4093,13.55,65202825.0
2015-04-06,13.2,13.85,13.1667,13.54,186837000.0
2015-04-02,12.682,12.882,12.6667,12.7333,75154500.0
2015-04-01,12.58,12.82,12.4033,12.506,56919000.0
2015-03-31,12.9027,12.9173,12.5607,12.5847,75398535.0
2015-03-30,12.39,12.8167,12.12,12.7047,151342500.0
2015-03-27,12.6047,12.6193,12.0933,12.3333,129073500.0
2015-03-26,12.928,12.986,12.6467,12.6933,61918500.0
2015-03-25,13.2333,13.2393,12.8467,12.9533,85954500.0
2015-03-24,13.4387,13.586,13.3167,13.448,54747000.0
2015-03-23,13.232,13.3667,13.1647,13.3087,39474000.0
2015-03-20,13.1633,13.266,13.0413,13.2053,64041000.0
2015-03-19,13.4667,13.6393,12.9687,13.0433,127128000.0
2015-03-18,12.9973,13.392,12.874,13.3807,72313500.0
2015-03-17,13.0287,13.2473,12.9293,12.982,73410000.0
2015-03-16,12.8,13.0607,12.6533,13.0467,84430500.0
2015-03-13,12.5947,12.7833,12.488,12.5787,81513000.0
2015-03-12,12.9167,12.9633,12.5233,12.5787,62371140.0
2015-03-11,12.7407,13.0787,12.734,12.916,74622000.0
2015-03-10,12.564,12.9,12.5067,12.688,83694000.0
2015-03-09,12.9593,12.966,12.55,12.7253,101050500.0
2015-03-06,13.2807,13.3833,12.81,12.9253,100686000.0
2015-03-05,13.5233,13.746,13.3433,13.3753,73155000.0
2015-03-04,13.2833,13.5013,13.1473,13.4953,63328500.0
2015-03-03,13.1207,13.3493,13.0213,13.304,66484500.0
2015-03-02,13.5133,13.556,13.0547,13.1547,118830000.0
2015-02-27,13.7873,13.9033,13.52,13.556,58221390.0
2015-02-26,13.6,14.0727,13.4813,13.8127,97083930.0
2015-02-25,13.6627,13.8093,13.5053,13.584,58631190.0
2015-02-24,13.8193,13.8193,13.4467,13.6073,99015330.0
2015-02-23,14.3013,14.5467,13.7553,13.8227,127465260.0
2015-02-20,14.052,14.5067,13.9873,14.474,89700600.0
2015-02-19,13.6667,14.1627,13.5833,14.114,77259675.0
2015-02-18,13.6113,13.7447,13.5067,13.6307,40688550.0
2015-02-17,13.7133,13.7133,13.4333,13.6233,59668905.0
2015-02-13,13.526,13.7327,13.394,13.5847,92662620.0
2015-02-12,12.9047,13.5393,12.8853,13.5253,234683715.0
2015-02-11,14.1473,14.316,13.8187,14.1867,144862455.0
2015-02-10,14.5087,14.7,14.3333,14.4193,80611665.0
2015-02-09,14.3587,14.5287,14.1327,14.4987,52079250.0
2015-02-06,14.8,14.8933,14.4333,14.4907,48633375.0
2015-02-05,14.6587,15.032,14.6427,14.7327,52837485.0
2015-02-04,14.5527,14.7653,14.4533,14.57,49576635.0
2015-02-03,14.2073,14.6913,14.0847,14.5573,72375225.0
2015-02-02,13.598,14.13,13.5533,14.0627,62229225.0
2015-01-30,13.5973,13.8313,13.5333,13.5733,45101085.0
2015-01-29,13.4047,13.732,13.1,13.68,53204205.0
2015-01-28,13.7407,13.758,13.228,13.2913,46800315.0
2015-01-27,13.6273,13.8687,13.5533,13.732,41709285.0
2015-01-26,13.4553,13.908,13.4033,13.77,48489510.0
2015-01-23,13.344,13.5667,13.222,13.4193,66870135.0
2015-01-22,13.1333,13.5493,13.0133,13.4413,83643900.0
2015-01-21,12.6367,13.2453,12.6367,13.1047,80837895.0
2015-01-20,12.9247,12.9413,12.4693,12.7953,91508445.0
2015-01-16,12.7133,12.966,12.6433,12.8713,54045885.0
2015-01-15,12.966,13.05,12.6667,12.7913,78225315.0
2015-01-14,12.3887,13.0133,12.3333,12.846,173262060.0
2015-01-13,13.5547,13.8407,13.394,13.6167,66716175.0
2015-01-12,13.5367,13.6313,13.2833,13.4807,89253675.0
2015-01-09,13.928,13.9987,13.664,13.7773,70022775.0
2015-01-08,14.1873,14.2533,14.0007,14.0413,51634560.0
2015-01-07,14.2233,14.3187,13.9853,14.0633,44514750.0
2015-01-06,14.004,14.28,13.614,14.0853,93924045.0
2015-01-05,14.3,14.4333,13.8107,14.006,80488110.0
2015-01-02,14.858,14.8833,14.2173,14.6207,71461545.0
2014-12-31,14.8727,15.0453,14.8167,14.8273,36028380.0
2014-12-30,14.9327,15.0433,14.76,14.8153,43544730.0
2014-12-29,15.1267,15.194,14.9347,15.0473,42172650.0
2014-12-26,14.7673,15.2333,14.7667,15.188,49893990.0
2014-12-24,14.6513,14.8333,14.6167,14.8173,20002770.0
2014-12-23,14.9207,14.9547,14.6347,14.7313,67685130.0
2014-12-22,14.666,14.9373,14.5507,14.84,72091065.0
2014-12-19,14.6793,14.6933,14.3,14.6193,103595265.0
2014-12-18,14.1587,14.5627,14.12,14.5507,112221180.0
2014-12-17,12.8707,13.7767,12.8433,13.7213,110489460.0
2014-12-16,13.3833,13.5787,13.0247,13.1873,126292815.0
2014-12-15,13.9513,13.9867,13.5113,13.6027,78247740.0
2014-12-12,13.6547,14.112,13.6333,13.8,107572875.0
2014-12-11,14.0353,14.362,13.882,13.9253,100402080.0
2014-12-10,14.2753,14.4513,13.8467,13.9893,109654095.0
2014-12-09,13.9653,14.5153,13.618,14.4593,141431955.0
2014-12-08,14.7473,14.9907,14.156,14.2907,138362505.0
2014-12-05,15.2447,15.2927,14.8173,14.914,90942165.0
2014-12-04,15.2613,15.3933,15.1873,15.2187,58085040.0
2014-12-03,15.0693,15.3147,15.0333,15.2867,79567875.0
2014-12-02,15.622,15.6587,15.2,15.4287,88274220.0
2014-12-01,16.0773,16.1647,15.2673,15.4427,129269760.0
2014-11-28,16.3567,16.446,16.168,16.3013,31795320.0
2014-11-26,16.556,16.6,16.44,16.5627,29721885.0
2014-11-25,16.49,16.648,16.406,16.5393,47343150.0
2014-11-24,16.3467,16.5067,16.0427,16.448,71817480.0
2014-11-21,16.814,16.852,16.1447,16.1853,112227540.0
2014-11-20,16.5333,16.7287,16.4,16.5807,53801940.0
2014-11-19,16.69,16.792,16.3733,16.516,118723515.0
2014-11-18,17.0573,17.3327,17.034,17.18,67096050.0
2014-11-17,17.166,17.2667,16.8013,16.932,60362670.0
2014-11-14,16.6667,17.2567,16.5667,17.2453,91482705.0
2014-11-13,16.708,17.05,16.6833,16.78,93506670.0
2014-11-12,16.648,16.8227,16.372,16.6067,88032120.0
2014-11-11,16.17,16.788,16.1333,16.7387,119273385.0
2014-11-10,15.9407,16.192,15.7867,16.1287,68639415.0
2014-11-07,16.146,16.1893,15.8133,16.0133,77393250.0
2014-11-06,15.648,16.446,15.2333,16.0813,230228385.0
2014-11-05,16.0667,16.0907,15.3687,15.398,134872230.0
2014-11-04,16.0327,16.1567,15.7687,15.9287,55205955.0
2014-11-03,16.2,16.504,16.088,16.1727,63072165.0
2014-10-31,16.1673,16.208,15.9167,16.1133,56629905.0
2014-10-30,15.876,16.0333,15.6707,15.9107,48424815.0
2014-10-29,16.08,16.1,15.7093,15.8733,74514585.0
2014-10-28,15.3067,16.3067,15.2167,16.1847,157743675.0
2014-10-27,15.6167,15.6407,14.6873,14.778,143299050.0
2014-10-24,15.7513,15.8533,15.4133,15.6827,51961425.0
2014-10-23,15.6433,15.752,15.4667,15.686,52417980.0
2014-10-22,15.546,15.826,15.3707,15.4067,61804290.0
2014-10-21,15.6187,15.6927,15.3867,15.6893,61880055.0
2014-10-20,15.1147,15.4933,15.034,15.3647,52466850.0
2014-10-17,15.5587,15.6513,15.1033,15.1653,158268780.0
2014-10-16,14.648,15.328,14.6067,15.09,81034215.0
2014-10-15,14.6667,15.3993,14.488,15.3133,137239755.0
2014-10-14,15.2167,15.498,14.8667,15.1373,106621035.0
2014-10-13,15.9047,15.9307,14.7333,14.9727,169079925.0
2014-10-10,16.3093,16.3927,15.68,15.794,193360500.0
2014-10-09,17.4833,17.7027,16.96,17.134,110316210.0
2014-10-08,17.34,17.5253,16.8427,17.2853,75890415.0
2014-10-07,17.2353,17.4307,17.0487,17.3047,67305375.0
2014-10-06,17.2753,17.4993,17.1867,17.3747,115746600.0
2014-10-03,16.8733,17.1,16.7353,17.014,81110235.0
2014-10-02,16.68,16.8527,16.3573,16.7613,134994015.0
2014-10-01,16.1467,16.1773,15.71,16.016,89169360.0
2014-09-30,16.4613,16.51,16.008,16.1787,63702780.0
2014-09-29,16.2667,16.576,16.092,16.3507,72806985.0
2014-09-26,16.55,16.6487,16.4047,16.44,56965590.0
2014-09-25,16.8347,16.9973,16.4067,16.4633,72617490.0
2014-09-24,16.7413,16.856,16.4693,16.8093,56271330.0
2014-09-23,16.348,16.92,16.3333,16.694,84893790.0
2014-09-22,17.0,17.068,16.314,16.6687,123307950.0
2014-09-19,17.1993,17.4287,17.018,17.288,102166365.0
2014-09-18,17.558,17.7067,17.488,17.588,55429425.0
2014-09-17,17.5073,17.6467,17.3,17.4253,77688720.0
2014-09-16,17.01,17.4973,16.828,17.3827,124522995.0
2014-09-15,18.2913,18.2933,16.6087,16.924,246939990.0
2014-09-12,18.718,18.826,18.4667,18.6133,49900530.0
2014-09-11,18.6973,18.986,18.5753,18.6873,56497710.0
2014-09-10,18.6333,18.7607,18.244,18.74,56749470.0
2014-09-09,18.866,19.0327,18.4667,18.5653,68499105.0
2014-09-08,18.5327,18.992,18.5013,18.8073,82548855.0
2014-09-05,18.8333,18.86,18.1673,18.4927,167594400.0
2014-09-04,18.94,19.428,18.6933,19.0693,125042715.0
2014-09-03,19.178,19.2,18.6733,18.746,101647140.0
2014-09-02,18.3667,18.9927,18.2867,18.9413,147568155.0
2014-08-29,17.9133,18.1333,17.834,17.98,96763995.0
2014-08-28,17.4593,17.632,17.4427,17.5907,42716925.0
2014-08-27,17.5667,17.616,17.3527,17.55,44823645.0
2014-08-26,17.6653,17.7,17.444,17.4493,57325335.0
2014-08-25,17.2127,17.5787,17.2127,17.5033,64749180.0
2014-08-22,16.9693,17.13,16.8407,17.1187,42541740.0
2014-08-21,17.1013,17.2533,16.884,16.956,43768215.0
2014-08-20,16.978,17.2493,16.8667,17.0473,45314625.0
2014-08-19,17.258,17.2887,16.7747,17.1173,80091615.0
2014-08-18,17.55,17.8173,17.3167,17.3293,87675675.0
2014-08-15,17.432,17.4727,17.2333,17.4673,57930600.0
2014-08-14,17.4993,17.5333,17.1,17.4253,61872330.0
2014-08-13,17.4673,17.7093,17.3073,17.354,103857615.0
2014-08-12,17.2053,17.3533,16.972,17.3307,95765145.0
2014-08-11,17.0093,17.5827,17.0,17.288,121445925.0
2014-08-08,16.744,16.784,16.4333,16.542,76466130.0
2014-08-07,16.6747,17.1127,16.608,16.826,112036365.0
2014-08-06,15.9267,16.7613,15.9053,16.5953,138571650.0
2014-08-05,15.8207,16.1993,15.7127,15.8993,80780910.0
2014-08-04,15.6253,16.0333,15.5513,15.9013,89464770.0
2014-08-01,15.068,15.8333,15.0667,15.5513,178444680.0
2014-07-31,15.284,15.4267,14.7667,14.8867,115782960.0
2014-07-30,14.784,15.3067,14.736,15.2613,73874145.0
2014-07-29,15.1073,15.22,14.9907,15.0007,50770305.0
2014-07-28,14.95,15.4667,14.76,14.988,97722840.0
2014-07-25,14.848,15.1313,14.7833,14.9047,46352040.0
2014-07-24,14.8833,15.0067,14.72,14.9027,48700230.0
2014-07-23,14.6673,14.9833,14.6287,14.8327,46312755.0
2014-07-22,14.8127,14.8867,14.6073,14.6387,40956015.0
2014-07-21,14.4833,14.8807,14.448,14.7027,57373020.0
2014-07-18,14.3967,14.7473,14.3953,14.668,63875640.0
2014-07-17,14.4107,14.7033,14.24,14.36,69746400.0
2014-07-16,14.7947,14.9867,14.4547,14.4773,60715065.0
2014-07-15,15.1227,15.1767,14.54,14.6387,85890960.0
2014-07-14,14.666,15.2527,14.3633,15.1133,108098175.0
2014-07-11,14.7073,14.7733,14.5067,14.542,49586205.0
2014-07-10,14.4787,14.8147,14.4027,14.6307,72968130.0
2014-07-09,14.7513,14.948,14.614,14.8707,61758180.0
2014-07-08,14.5767,14.7307,14.2847,14.6047,117622530.0
2014-07-07,15.1667,15.3187,14.6933,14.844,88465410.0
2014-07-03,15.4293,15.46,14.9333,15.2833,77500740.0
2014-07-02,16.044,16.1553,15.138,15.2953,120525000.0
2014-07-01,16.164,16.2293,15.9133,15.9813,65101920.0
2014-06-30,15.97,16.2993,15.9333,16.004,72469365.0
2014-06-27,15.646,16.0,15.6333,15.9373,84561315.0
2014-06-26,15.8113,16.0267,15.614,15.7067,76827645.0
2014-06-25,15.5367,15.8367,15.3493,15.7927,87027690.0
2014-06-24,15.9107,16.1253,15.442,15.5,121188645.0
2014-06-23,15.3007,15.9327,15.2147,15.8147,116943465.0
2014-06-20,15.2347,15.4193,15.08,15.306,73597080.0
2014-06-19,15.2587,15.6873,15.1333,15.186,131960925.0
2014-06-18,15.4333,15.4473,15.0747,15.1413,104160555.0
2014-06-17,14.9333,15.7027,14.8567,15.4447,199521330.0
2014-06-16,13.784,15.0327,13.7507,14.974,198588135.0
2014-06-13,13.6333,13.786,13.4387,13.7613,53179860.0
2014-06-12,13.6733,13.992,13.514,13.568,89909685.0
2014-06-11,13.4333,13.6667,13.2833,13.6313,59672700.0
2014-06-10,13.6287,13.798,13.4367,13.4867,52834500.0
2014-06-09,13.8633,13.9993,13.6133,13.6873,41958660.0
2014-06-06,13.9833,14.054,13.812,13.878,46117455.0
2014-06-05,13.6313,13.9467,13.6033,13.7933,60860250.0
2014-06-04,13.6233,13.7507,13.36,13.5993,51507645.0
2014-06-03,13.566,13.8667,13.506,13.6627,57982635.0
2014-06-02,13.822,13.9567,13.4447,13.6467,69982125.0
2014-05-30,14.04,14.32,13.8013,13.8513,83776440.0
2014-05-29,14.038,14.166,13.848,14.016,55392765.0
2014-05-28,14.0,14.1847,13.684,14.016,82430745.0
2014-05-27,13.9013,14.258,13.8467,14.104,80180595.0
2014-05-23,13.6267,13.8507,13.5,13.82,60141390.0
2014-05-22,13.3567,13.792,13.304,13.6587,93218865.0
2014-05-21,13.0787,13.3247,12.986,13.2967,79304910.0
2014-05-20,13.1287,13.2887,12.8713,13.02,83252865.0
2014-05-19,12.7147,13.126,12.6667,13.0727,68543910.0
2014-05-16,12.5967,12.8027,12.5147,12.7707,67316610.0
2014-05-15,12.6653,12.844,12.3533,12.5727,90681270.0
2014-05-14,12.5967,12.8987,12.4733,12.708,81171750.0
2014-05-13,12.2507,12.756,12.2,12.6773,106406430.0
2014-05-12,12.258,12.4793,11.992,12.3113,105035130.0
2014-05-09,11.9907,12.2267,11.8147,12.1507,127380480.0
2014-05-08,12.1333,12.96,11.8667,11.906,300691980.0
2014-05-07,13.976,14.0133,13.15,13.4233,151937580.0
2014-05-06,14.44,14.5773,13.79,13.8187,84495240.0
2014-05-05,13.9653,14.5127,13.9013,14.4407,77238585.0
2014-05-02,13.9007,14.0907,13.768,14.0607,61342005.0
2014-05-01,13.812,14.268,13.7127,13.8487,81644655.0
2014-04-30,13.586,13.8773,13.4187,13.8593,66620295.0
2014-04-29,13.214,13.81,13.0353,13.7947,86705610.0
2014-04-28,13.3333,13.586,12.7,13.234,105548265.0
2014-04-25,13.4667,13.78,13.1767,13.3233,104898480.0
2014-04-24,14.054,14.1867,13.5467,13.8573,82542195.0
2014-04-23,14.4167,14.4493,13.8,13.866,109355040.0
2014-04-22,13.75,14.622,13.6673,14.576,147084930.0
2014-04-21,13.1387,13.7467,12.9333,13.6253,78958545.0
2014-04-17,13.3073,13.486,12.9387,13.208,88923885.0
2014-04-16,13.1233,13.3327,12.7213,13.274,108062955.0
2014-04-15,13.2727,13.286,12.288,12.9273,204965940.0
2014-04-14,13.8627,13.896,12.9607,13.206,115393545.0
2014-04-11,13.3827,13.8,13.24,13.5853,136028835.0
2014-04-10,14.4547,14.5,13.586,13.6127,108121755.0
2014-04-09,14.4507,14.5633,14.0593,14.462,77285520.0
2014-04-08,14.012,14.4327,13.7613,14.364,103307220.0
2014-04-07,13.7207,14.4133,13.5673,13.8347,147625170.0
2014-04-04,15.0993,15.218,14.0833,14.1487,170034165.0
2014-04-03,15.3533,15.7153,14.8,15.0267,163816200.0
2014-04-02,14.6667,15.3927,14.5367,15.3527,161440695.0
2014-04-01,13.9333,14.544,13.9053,14.4647,110473725.0
2014-03-31,14.4333,14.45,13.7593,13.8967,125638455.0
2014-03-28,14.1933,14.448,14.018,14.158,145271445.0
2014-03-27,14.158,14.24,13.5333,13.8213,142579620.0
2014-03-26,14.796,14.84,14.09,14.1973,103609500.0
2014-03-25,14.9427,15.1367,14.5267,14.696,117980595.0
2014-03-24,15.3267,15.3267,14.018,14.678,169994205.0
2014-03-21,15.7347,15.7467,15.1667,15.2593,123409680.0
2014-03-20,15.744,15.95,15.5573,15.6607,57268575.0
2014-03-19,16.0927,16.1033,15.5673,15.7227,76027305.0
2014-03-18,15.7967,16.1,15.668,16.0027,93635265.0
2014-03-17,15.6633,15.862,15.3667,15.5987,88688865.0
2014-03-14,15.686,15.796,15.2213,15.398,124342770.0
2014-03-13,16.2527,16.2793,15.6,15.8527,93544875.0
2014-03-12,15.4333,16.5,15.4073,16.0993,146458680.0
2014-03-11,15.7667,16.3067,15.4953,15.6273,132545220.0
2014-03-10,16.18,16.2,15.7373,15.9227,116186235.0
2014-03-07,16.8967,16.99,16.294,16.414,117237315.0
2014-03-06,16.9427,17.1667,16.63,16.8627,110513910.0
2014-03-05,17.1147,17.1327,16.7867,16.844,89089995.0
2014-03-04,17.232,17.3333,16.8553,16.9893,131345550.0
2014-03-03,15.8173,16.7767,15.666,16.704,196473045.0
2014-02-28,16.64,16.8453,16.17,16.3207,219086190.0
2014-02-27,17.4073,17.46,16.5553,16.836,269381115.0
2014-02-26,17.2387,17.6667,16.5,16.8667,370788720.0
2014-02-25,15.3333,17.28,15.23,16.5333,491237115.0
2014-02-24,13.9173,14.5573,13.888,14.51,124497930.0
2014-02-21,14.0893,14.2653,13.946,13.9733,117407310.0
2014-02-20,14.334,14.3473,13.7513,13.998,270198870.0
2014-02-19,13.58,13.58,12.894,12.9093,244715640.0
2014-02-18,13.6827,13.7333,13.424,13.58,140197860.0
2014-02-14,13.2067,13.4587,13.1333,13.2153,92575800.0
2014-02-13,12.8893,13.5147,12.8833,13.3087,121922850.0
2014-02-12,13.052,13.218,12.9547,13.0213,77669940.0
2014-02-11,13.2647,13.48,12.8467,13.108,160705200.0
2014-02-10,12.6227,13.2867,12.6213,13.104,194725440.0
2014-02-07,12.0833,12.442,11.9733,12.4353,134418735.0
2014-02-06,11.7433,12.0073,11.7333,11.892,87668220.0
2014-02-05,11.8907,12.0393,11.2907,11.628,109086420.0
2014-02-04,12.0507,12.1067,11.7467,11.9153,70317960.0
2014-02-03,12.1927,12.3253,11.6773,11.8073,101619270.0
2014-01-31,11.9233,12.4,11.9007,12.094,97649460.0
2014-01-30,11.8667,12.3187,11.8007,12.1893,128542410.0
2014-01-29,11.6867,11.9393,11.542,11.682,89291040.0
2014-01-28,11.4333,11.932,11.4,11.892,91652505.0
2014-01-27,11.6773,11.8613,10.9807,11.308,130951740.0
2014-01-24,11.8667,12.032,11.5687,11.64,115497900.0
2014-01-23,11.8153,12.1587,11.5613,12.1,118319835.0
2014-01-22,11.854,12.0213,11.6507,11.904,105454530.0
2014-01-21,11.416,11.8193,11.3873,11.7787,146098875.0
2014-01-17,11.346,11.5467,11.1967,11.334,138168030.0
2014-01-16,10.8333,11.5133,10.8267,11.398,179590845.0
2014-01-15,11.23,11.482,10.8067,10.942,307094385.0
2014-01-14,9.36733,10.8,9.11133,10.7513,416836965.0
2014-01-13,9.71867,9.8,9.188,9.28933,94764105.0
2014-01-10,9.89733,9.92667,9.48333,9.71467,111740460.0
2014-01-09,10.1667,10.2287,9.79,9.83533,80762325.0
2014-01-08,9.92333,10.2467,9.91733,10.0853,92476215.0
2014-01-07,9.84133,10.0267,9.68333,9.95733,75540315.0
2014-01-06,10.0,10.0267,9.68267,9.8,80483160.0
2014-01-03,10.0,10.146,9.90667,9.97067,70449450.0
2014-01-02,9.98667,10.1653,9.77,10.0067,92901195.0
2013-12-31,10.1547,10.2133,9.91067,10.0287,63957570.0
2013-12-30,10.0747,10.3207,10.05,10.1627,67013445.0
2013-12-27,10.3533,10.3667,10.0533,10.0747,81970170.0
2013-12-26,10.336,10.5333,10.286,10.3667,106900650.0
2013-12-24,10.0,10.3313,9.988,10.094,149122275.0
2013-12-23,9.65667,9.74933,9.50667,9.57,80344815.0
2013-12-20,9.43867,9.62333,9.43867,9.54933,111244320.0
2013-12-19,9.79333,9.8,9.27333,9.38133,191211090.0
2013-12-18,10.1493,10.3267,9.73,9.86533,173588190.0
2013-12-17,9.79333,10.3087,9.75467,10.164,157225365.0
2013-12-16,9.9,10.0287,9.74,9.86267,100040655.0
2013-12-13,9.87,10.12,9.82133,9.84333,158964060.0
2013-12-12,9.32,9.88267,9.23533,9.83133,161412930.0
2013-12-11,9.45867,9.53667,9.29933,9.31,106990365.0
2013-12-10,9.33667,9.72467,9.324,9.47933,161026800.0
2013-12-09,9.13333,9.44667,8.94733,9.44,135758880.0
2013-12-06,9.434,9.49933,9.08667,9.15733,118576500.0
2013-12-05,9.34267,9.55667,9.3,9.36533,139284165.0
2013-12-04,9.62133,9.62867,9.142,9.26333,197053875.0
2013-12-03,8.84533,9.66267,8.77267,9.64667,384784785.0
2013-12-02,8.42333,8.57,8.262,8.278,116027625.0
2013-11-29,8.65133,8.706,8.46533,8.48533,145743285.0
2013-11-27,8.08733,8.46333,7.968,8.46267,185273775.0
2013-11-26,7.95867,8.18133,7.74,8.03333,208149000.0
2013-11-25,8.3,8.38933,8.02,8.056,154043745.0
2013-11-22,8.10533,8.18333,7.862,8.092,166503030.0
2013-11-21,8.19267,8.31933,8.01667,8.14,178444845.0
2013-11-20,8.40533,8.49667,7.93733,8.074,207600405.0
2013-11-19,7.948,8.6,7.948,8.406,297049740.0
2013-11-18,9.018,9.03,7.974,8.10533,346530285.0
2013-11-15,9.12333,9.19667,8.95667,9.03,148280235.0
2013-11-14,9.26133,9.36,8.94067,9.17333,182960160.0
2013-11-13,9.38933,9.49133,9.08933,9.24667,189684390.0
2013-11-12,9.646,9.64667,9.07867,9.18667,224262825.0
2013-11-11,9.4,9.69467,9.14,9.64667,209801085.0
2013-11-08,9.09867,9.37333,8.82133,9.19667,337033365.0
2013-11-07,9.61267,9.71,9.17467,9.318,333713865.0
2013-11-06,10.3207,10.7153,9.75667,10.0773,465842055.0
2013-11-05,11.99,12.0953,11.424,11.7873,334229910.0
2013-11-04,11.0,11.6927,10.948,11.68,196324440.0
2013-11-01,10.8667,11.06,10.694,10.8113,107681565.0
2013-10-31,10.378,10.8293,10.22,10.6627,140106825.0
2013-10-30,10.9753,11.1787,10.5447,10.6147,126005475.0
2013-10-29,10.8507,11.03,10.2,10.9647,211666545.0
2013-10-28,11.354,11.3667,10.8133,10.8573,117623550.0
2013-10-25,11.614,11.6333,11.12,11.3107,113868885.0
2013-10-24,11.0,11.6333,10.8553,11.5433,161865990.0
2013-10-23,11.2607,11.454,10.6767,10.9667,199872375.0
2013-10-22,11.3667,11.852,11.074,11.436,170871660.0
2013-10-21,12.2187,12.226,11.4,11.5067,172870050.0
2013-10-18,12.2767,12.3973,12.168,12.2267,88790490.0
2013-10-17,12.236,12.32,12.066,12.1867,100452750.0
2013-10-16,12.3267,12.4867,12.1393,12.2373,122988525.0
2013-10-15,12.352,12.586,12.212,12.2627,164470575.0
2013-10-14,11.6667,12.1667,11.61,11.9813,116482020.0
2013-10-11,11.4707,11.9527,11.4133,11.9133,124577700.0
2013-10-10,11.5393,11.7167,11.3127,11.5287,132844620.0
2013-10-09,11.6487,11.666,10.7667,11.252,229688700.0
2013-10-08,12.2933,12.3953,11.5473,11.6487,206189460.0
2013-10-07,12.1587,12.4487,12.0173,12.2047,172130595.0
2013-10-04,11.76,12.0787,11.51,12.0653,215907405.0
2013-10-03,11.6693,11.9793,11.2,11.554,356925465.0
2013-10-02,12.5727,12.7887,11.6933,12.0633,311213325.0
2013-10-01,12.9307,12.9487,12.558,12.8667,116391150.0
2013-09-30,12.6,12.9667,12.5333,12.8913,133948800.0
2013-09-27,12.5013,12.752,12.4287,12.7267,88801230.0
2013-09-26,12.4467,12.6453,12.374,12.576,99251145.0
2013-09-25,12.2373,12.42,12.0333,12.3493,123675600.0
2013-09-24,11.9427,12.3307,11.8433,12.1553,94147875.0
2013-09-23,12.2987,12.3653,11.8073,12.074,122776725.0
2013-09-20,11.9267,12.3887,11.904,12.226,200919165.0
2013-09-19,11.3867,12.0313,11.272,11.8613,233777835.0
2013-09-18,11.1393,11.1633,10.9467,11.0813,81306900.0
2013-09-17,11.0053,11.228,10.8907,11.082,82493940.0
2013-09-16,11.2,11.39,11.0567,11.1053,113806335.0
2013-09-13,10.8513,11.0913,10.8107,11.036,81123255.0
2013-09-12,10.9333,11.1173,10.7007,10.9953,92125860.0
2013-09-11,11.094,11.1933,10.8087,10.9013,87440490.0
2013-09-10,10.7627,11.1667,10.7087,11.0913,134422590.0
2013-09-09,10.8747,10.9667,10.5673,10.7133,215109090.0
2013-09-06,11.238,11.3133,11.01,11.1313,129243915.0
2013-09-05,11.34,11.4333,11.2167,11.3287,100372050.0
2013-09-04,11.318,11.4413,11.0373,11.3747,172052835.0
2013-09-03,11.5553,11.58,11.0933,11.2627,180735360.0
2013-08-30,11.0913,11.2807,10.9307,11.2667,165258960.0
2013-08-29,10.9473,11.1833,10.834,11.0707,141634065.0
2013-08-28,11.278,11.4333,10.8833,11.0967,221023290.0
2013-08-27,10.82,11.2533,10.73,11.134,263241255.0
2013-08-26,11.0073,11.5333,10.6833,10.948,362245545.0
2013-08-23,10.4667,10.82,10.3333,10.7893,193881615.0
2013-08-22,9.95,10.4987,9.876,10.4733,158781795.0
2013-08-21,10.0,10.0207,9.75,9.85733,93884400.0
2013-08-20,9.91,9.98533,9.8,9.972,96129990.0
2013-08-19,9.562,9.82533,9.522,9.66,120428790.0
2013-08-16,9.442,9.594,9.398,9.46667,106523850.0
2013-08-15,9.09533,9.57333,9.0,9.31133,152782950.0
2013-08-14,9.51467,9.656,9.20333,9.29067,175356240.0
2013-08-13,9.96667,9.98933,9.63,9.69533,131150520.0
2013-08-12,9.962,10.0333,9.47,9.82533,223550805.0
2013-08-09,10.16,10.3967,10.0833,10.2,134016810.0
2013-08-08,10.29,10.592,10.0307,10.232,408626865.0
2013-08-07,9.45933,9.46333,8.824,8.94867,271472790.0
2013-08-06,9.662,9.71533,9.40667,9.47667,138851325.0
2013-08-05,9.334,9.65933,9.31,9.64533,152842710.0
2013-08-02,8.97267,9.21667,8.90733,9.2,93768030.0
2013-08-01,9.0,9.10133,8.842,9.03667,79727355.0
2013-07-31,8.838,8.99867,8.76333,8.952,95252550.0
2013-07-30,8.98667,9.166,8.54533,8.78267,196932720.0
2013-07-29,8.62133,9.02467,8.55,8.97467,145269795.0
2013-07-26,8.54267,8.712,8.44067,8.626,144550215.0
2013-07-25,8.02667,8.31667,8.01267,8.27133,79263660.0
2013-07-24,8.298,8.3,7.97067,8.11333,103048290.0
2013-07-23,8.26667,8.37067,8.12133,8.18267,116048280.0
2013-07-22,7.99267,8.44533,7.992,8.162,146965755.0
2013-07-19,7.9,8.03667,7.76733,7.97867,88354830.0
2013-07-18,8.06467,8.182,7.74533,7.93533,171053340.0
2013-07-17,7.10133,8.108,6.96667,8.01667,390328800.0
2013-07-16,8.41867,8.42133,7.15333,7.27,485315385.0
2013-07-15,8.86867,8.884,8.45467,8.484,148843035.0
2013-07-12,8.36667,8.66267,8.30067,8.66,170185635.0
2013-07-11,8.32533,8.406,8.15667,8.374,112272165.0
2013-07-10,8.21267,8.21667,8.05267,8.15133,85600515.0
2013-07-09,8.30933,8.35467,8.12733,8.23,128564595.0
2013-07-08,8.09133,8.14533,7.92133,8.10733,117259365.0
2013-07-05,7.888,8.01867,7.71333,8.006,102348675.0
2013-07-03,7.86667,7.95,7.618,7.68267,72099930.0
2013-07-02,7.87933,8.126,7.7,7.85467,180996300.0
2013-07-01,7.29067,7.85133,7.27667,7.812,163433730.0
2013-06-28,7.238,7.296,7.114,7.15733,86228445.0
2013-06-27,7.11667,7.35,7.07533,7.28333,131230890.0
2013-06-26,6.92,7.058,6.844,7.048,99113100.0
2013-06-25,6.87333,6.94667,6.70333,6.82667,87742980.0
2013-06-24,6.43333,6.858,6.35333,6.766,106837815.0
2013-06-21,6.91333,6.91333,6.5,6.63667,175701345.0
2013-06-20,6.97667,7.142,6.63,6.71,151623510.0
2013-06-19,6.804,7.11133,6.80067,6.97867,128802900.0
2013-06-18,6.78333,6.932,6.61333,6.89267,131960160.0
2013-06-17,6.90667,6.98333,6.74667,6.81333,106000080.0
2013-06-14,6.66667,6.83467,6.622,6.68667,98487315.0
2013-06-13,6.6,6.61867,6.34133,6.54533,89442645.0
2013-06-12,6.45333,6.69867,6.38333,6.51533,137828250.0
2013-06-11,6.54533,6.57867,6.27,6.298,110920365.0
2013-06-10,6.59533,6.83467,6.57133,6.67,138475425.0
2013-06-07,6.53333,6.86,6.44667,6.80267,160700865.0
2013-06-06,6.35,6.618,6.34067,6.49,142682910.0
2013-06-05,6.244,6.53133,5.94067,6.358,183203205.0
2013-06-04,6.18333,6.428,6.16,6.32267,132568080.0
2013-06-03,6.508,6.508,5.88333,6.17267,287123670.0
2013-05-31,7.084,7.096,6.51533,6.51733,227506410.0
2013-05-30,6.83067,7.30267,6.74667,6.99667,242033925.0
2013-05-29,7.57,7.66,6.6,6.97533,376196370.0
2013-05-28,6.77,7.38333,6.68667,7.35533,294927780.0
2013-05-24,6.17333,6.53,6.13333,6.472,241768080.0
2013-05-23,5.654,6.20067,5.53667,6.182,180580245.0
2013-05-22,5.758,6.064,5.7,5.816,128530140.0
2013-05-21,5.9,5.99933,5.68533,5.83933,134996715.0
2013-05-20,6.07467,6.16667,5.90867,5.996,125058870.0
2013-05-17,6.16667,6.296,5.83333,6.1,285043575.0
2013-05-16,6.31333,6.33333,5.91067,6.15,323990490.0
2013-05-15,5.45333,5.792,5.20733,5.656,251445135.0
2013-05-14,6.28133,6.47467,5.41,5.54933,557248410.0
2013-05-13,5.39933,5.86667,5.27667,5.85333,335885790.0
2013-05-10,4.64333,5.4,4.61667,5.11733,376263465.0
2013-05-09,4.67467,5.05133,4.246,4.62667,428741340.0
2013-05-08,3.83333,3.88,3.714,3.71933,98430255.0
2013-05-07,4.13333,4.158,3.67467,3.70067,149879175.0
2013-05-06,3.75933,3.97733,3.7,3.96667,67220085.0
2013-05-03,3.76467,3.76467,3.63333,3.63667,50691045.0
2013-05-02,3.59,3.68467,3.58,3.60733,45755115.0
2013-05-01,3.73267,3.73267,3.53333,3.552,41141670.0
2013-04-30,3.73333,3.87867,3.584,3.59933,82839720.0
2013-04-29,3.436,3.666,3.41333,3.66267,54594930.0
2013-04-26,3.542,3.58267,3.37467,3.41333,54331500.0
2013-04-25,3.36667,3.49333,3.36667,3.46667,41939025.0
2013-04-24,3.39333,3.40333,3.26533,3.362,39448620.0
2013-04-23,3.4,3.528,3.37733,3.40067,56061750.0
2013-04-22,3.24,3.34667,3.18333,3.346,59089905.0
2013-04-19,3.164,3.32533,3.138,3.18867,45182040.0
2013-04-18,3.056,3.17333,3.026,3.13133,50521500.0
2013-04-17,3.03,3.06333,2.96933,3.03,31776420.0
2013-04-16,2.946,3.076,2.92733,3.03933,47706570.0
2013-04-15,2.9,2.92,2.834,2.88667,25247760.0
2013-04-12,2.88333,3.00927,2.87,2.91667,47240580.0
2013-04-11,2.804,2.97,2.78333,2.906,51714930.0
2013-04-10,2.71733,2.80067,2.70733,2.79067,31816320.0
2013-04-09,2.78667,2.78867,2.68867,2.7,25440540.0
2013-04-08,2.798,2.83667,2.76733,2.78867,25185015.0
2013-04-05,2.8,2.8,2.7,2.758,23285835.0
2013-04-04,2.74067,2.81667,2.72067,2.80067,33973005.0
2013-04-03,2.87667,2.898,2.68067,2.74,84674925.0
2013-04-02,2.90667,3.03333,2.90067,2.956,99542130.0
2013-04-01,2.824,3.112,2.78,2.92867,211549710.0
2013-03-28,2.54867,2.54933,2.51667,2.526,17379780.0
2013-03-27,2.52933,2.55867,2.48733,2.544,19444245.0
2013-03-26,2.532,2.548,2.51067,2.524,27122055.0
2013-03-25,2.47333,2.568,2.45133,2.502,35690310.0
2013-03-22,2.41333,2.45333,2.41333,2.44133,6693525.0
2013-03-21,2.39667,2.47067,2.38267,2.40067,17194305.0
2013-03-20,2.35067,2.40467,2.344,2.39667,21355260.0
2013-03-19,2.35,2.37333,2.32933,2.33867,16477125.0
2013-03-18,2.35333,2.404,2.328,2.34333,19745040.0
2013-03-15,2.44267,2.44333,2.34733,2.35267,49196655.0
2013-03-14,2.59333,2.594,2.45133,2.45667,30366885.0
2013-03-13,2.6,2.63267,2.58733,2.59867,12328500.0
2013-03-12,2.59333,2.62533,2.59,2.608,19125930.0
2013-03-11,2.59133,2.62933,2.57667,2.60667,23691600.0
2013-03-08,2.53733,2.62933,2.49067,2.56467,13680780.0
2013-03-07,2.51533,2.57667,2.45867,2.54867,17373810.0
2013-03-06,2.46733,2.52533,2.46467,2.51267,17248875.0
2013-03-05,2.4,2.46133,2.386,2.44333,31304535.0
2013-03-04,2.318,2.38867,2.31333,2.372,26364900.0
2013-03-01,2.33333,2.33867,2.28333,2.31,23199000.0
2013-02-28,2.39267,2.40667,2.29133,2.322,29473395.0
2013-02-27,2.294,2.36067,2.29333,2.34,29386935.0
2013-02-26,2.29733,2.33067,2.25333,2.29533,41443500.0
2013-02-25,2.41,2.45,2.28933,2.292,43340295.0
2013-02-22,2.38133,2.426,2.37333,2.40733,38217465.0
2013-02-21,2.43267,2.49267,2.30267,2.344,135566430.0
2013-02-20,2.62,2.64333,2.564,2.56933,46726200.0
2013-02-19,2.49067,2.61933,2.48733,2.61867,40520100.0
2013-02-15,2.56667,2.56733,2.46333,2.46933,30269235.0
2013-02-14,2.576,2.58333,2.54733,2.55333,14859600.0
2013-02-13,2.538,2.6,2.53667,2.56333,14502030.0
2013-02-12,2.56333,2.59133,2.486,2.526,33918690.0
2013-02-11,2.532,2.61,2.5,2.56133,48992220.0
2013-02-08,2.63,2.66667,2.60933,2.616,17095995.0
2013-02-07,2.61267,2.64533,2.59667,2.632,17962815.0
2013-02-06,2.54533,2.626,2.52667,2.61133,28397220.0
2013-02-05,2.53333,2.57667,2.512,2.542,19652880.0
2013-02-04,2.56133,2.56133,2.506,2.516,16919835.0
2013-02-01,2.54467,2.56667,2.508,2.55333,16508850.0
2013-01-31,2.52467,2.52467,2.462,2.50067,13519770.0
2013-01-30,2.52333,2.53333,2.49533,2.50133,14521470.0
2013-01-29,2.54,2.56267,2.47533,2.53,21397545.0
2013-01-28,2.45733,2.58067,2.45733,2.53533,29789880.0
2013-01-25,2.46667,2.50267,2.45333,2.46533,19315545.0
2013-01-24,2.4,2.51467,2.38933,2.466,29555835.0
2013-01-23,2.33667,2.416,2.33067,2.4,23463000.0
2013-01-22,2.304,2.37,2.284,2.346,28801965.0
2013-01-18,2.30133,2.31867,2.25467,2.30133,53326110.0
2013-01-17,2.27733,2.32333,2.26133,2.292,21549060.0
2013-01-16,2.25667,2.282,2.24867,2.27333,20672070.0
2013-01-15,2.20733,2.28333,2.20533,2.26,24365835.0
2013-01-14,2.20533,2.22533,2.19,2.21733,13875270.0
2013-01-11,2.26933,2.26933,2.14067,2.194,23447610.0
2013-01-10,2.258,2.266,2.22533,2.23533,13836075.0
2013-01-09,2.26733,2.27933,2.22667,2.24267,10469685.0
2013-01-08,2.3,2.3,2.20733,2.24533,19259775.0
2013-01-07,2.30733,2.32,2.26,2.28933,6628635.0
2013-01-04,2.32,2.32,2.26133,2.29333,10109895.0
2013-01-03,2.34533,2.36333,2.31667,2.318,11129115.0
2013-01-02,2.316,2.36333,2.31367,2.35733,17920650.0
2012-12-31,2.2,2.26467,2.2,2.258,8922690.0
2012-12-28,2.22533,2.24333,2.20133,2.21467,6210525.0
2012-12-27,2.23333,2.26067,2.2,2.246,8416275.0
2012-12-26,2.264,2.3,2.23333,2.23933,9026760.0
2012-12-24,2.24267,2.29,2.23667,2.28533,5636940.0
2012-12-21,2.262,2.278,2.23867,2.26667,22384590.0
2012-12-20,2.30067,2.3192,2.27,2.29533,13817910.0
2012-12-19,2.32333,2.35067,2.30133,2.30733,19480965.0
2012-12-18,2.284,2.338,2.284,2.306,23315040.0
2012-12-17,2.25133,2.3,2.25,2.29333,12372135.0
2012-12-14,2.252,2.29333,2.23933,2.254,15344145.0
2012-12-13,2.35067,2.35333,2.18333,2.24067,32268360.0
2012-12-12,2.34733,2.38667,2.33,2.35067,30958155.0
2012-12-11,2.30667,2.36667,2.29733,2.352,23584650.0
2012-12-10,2.29533,2.32,2.27867,2.30467,13946265.0
2012-12-07,2.28667,2.29933,2.25667,2.278,9965790.0
2012-12-06,2.25467,2.32,2.23333,2.26,9905955.0
2012-12-05,2.25467,2.27933,2.23867,2.24733,9922290.0
2012-12-04,2.286,2.32,2.23667,2.26,18963165.0
2012-12-03,2.25933,2.33333,2.23333,2.308,31286295.0
2012-11-30,2.242,2.28533,2.20067,2.25467,21304260.0
2012-11-29,2.22933,2.26667,2.19133,2.246,16549725.0
2012-11-28,2.1432,2.286,2.12733,2.214,19315485.0
2012-11-27,2.14,2.17733,2.10133,2.14333,13661550.0
2012-11-26,2.14067,2.15333,2.108,2.15133,7443285.0
2012-11-23,2.17333,2.18867,2.11333,2.142,6453180.0
2012-11-21,2.174,2.23133,2.1524,2.16467,14446995.0
2012-11-20,2.19333,2.20667,2.12733,2.2,13836405.0
2012-11-19,2.138,2.21667,2.12267,2.19467,20885520.0
2012-11-16,2.06733,2.13333,2.03933,2.12267,13629000.0
2012-11-15,2.08667,2.096,2.03333,2.05467,14759115.0
2012-11-14,2.13067,2.14133,2.08,2.092,13069725.0
2012-11-13,2.086,2.13333,2.048,2.1076,14973945.0
2012-11-12,2.01933,2.09467,2.01067,2.07133,8338440.0
2012-11-09,2.04,2.062,1.99,2.02133,12943920.0
2012-11-08,2.068,2.12533,2.06267,2.08733,19109790.0
2012-11-07,2.06667,2.13667,2.054,2.10267,25717035.0
2012-11-06,2.04067,2.08,1.99667,2.07667,34859145.0
2012-11-05,1.98667,2.10533,1.95533,2.1,30733005.0
2012-11-02,1.95133,1.97,1.90333,1.92787,15453975.0
2012-11-01,1.88333,1.966,1.88,1.94967,15360810.0
2012-10-31,1.84667,1.89,1.82467,1.8754,11627130.0
2012-10-26,1.83533,1.85333,1.80133,1.82533,7159575.0
2012-10-25,1.85333,1.85333,1.83,1.83467,8665290.0
2012-10-24,1.90133,1.90133,1.81667,1.828,15245520.0
2012-10-23,1.82533,1.904,1.82467,1.89267,11239095.0
2012-10-22,1.866,1.86667,1.824,1.85667,7052970.0
2012-10-19,1.85533,1.88,1.82,1.84933,15409530.0
2012-10-18,1.93267,1.93267,1.852,1.86933,11114205.0
2012-10-17,1.88333,1.92267,1.85333,1.92127,10019445.0
2012-10-16,1.84467,1.87267,1.82267,1.87067,7188720.0
2012-10-15,1.868,1.87,1.79067,1.822,22030005.0
2012-10-12,1.888,1.91533,1.83333,1.84267,14813025.0
2012-10-11,1.92933,1.932,1.88333,1.888,6758565.0
2012-10-10,1.89267,1.91467,1.86733,1.89333,7575945.0
2012-10-09,1.94133,1.94133,1.88333,1.89133,17894685.0
2012-10-08,1.924,1.96,1.90733,1.95,13350090.0
2012-10-05,1.98,1.98733,1.912,1.926,14080050.0
2012-10-04,2.0,2.00667,1.91,1.96,23118105.0
2012-10-03,1.98333,1.99667,1.94933,1.95333,15791820.0
2012-10-02,1.956,1.99267,1.93333,1.98667,10934535.0
2012-10-01,1.96667,1.99267,1.93333,1.944,13264575.0
2012-09-28,1.91533,1.99267,1.90733,1.952,65150070.0
2012-09-27,1.85467,1.90267,1.84,1.89933,26378295.0
2012-09-26,1.844,1.89333,1.832,1.836,22909800.0
2012-09-25,1.908,1.96533,1.83533,1.844,85259280.0
2012-09-24,1.96733,2.06867,1.96,2.044,19527060.0
2012-09-21,2.07333,2.09933,1.96933,2.00133,28049550.0
2012-09-20,2.062,2.1,2.04533,2.06,13685580.0
2012-09-19,2.066,2.116,2.06267,2.07,15726855.0
2012-09-18,2.12533,2.12667,2.04533,2.08933,26827200.0
2012-09-17,2.15667,2.18533,2.10067,2.16933,48193500.0
2012-09-14,2.0,2.04333,1.97667,2.026,23048535.0
2012-09-13,1.90467,1.96667,1.89867,1.96533,22280385.0
2012-09-12,1.86,1.90533,1.85333,1.88533,17177010.0
2012-09-11,1.85067,1.87733,1.82667,1.85333,15223065.0
2012-09-10,1.94667,1.95667,1.82,1.82467,22248225.0
2012-09-07,1.90333,1.97133,1.9,1.95667,14297265.0
2012-09-06,1.86667,1.92667,1.86,1.90333,12624645.0
2012-09-05,1.86733,1.9,1.854,1.86267,9588405.0
2012-09-04,1.90133,1.93267,1.86,1.876,11287440.0
2012-08-31,1.90733,1.92267,1.88,1.90133,8096040.0
2012-08-30,1.90667,1.916,1.87333,1.894,9844605.0
2012-08-29,1.89933,1.90933,1.868,1.894,12583245.0
2012-08-28,1.89333,1.95833,1.86667,1.91267,21039840.0
2012-08-27,1.97133,1.98,1.878,1.888,20254875.0
2012-08-24,2.004,2.016,1.96067,1.96667,21450165.0
2012-08-23,2.0,2.05667,1.97667,2.04867,22064610.0
2012-08-22,1.934,2.00267,1.934,1.99667,11632350.0
2012-08-21,1.972,2.0,1.93333,1.94067,11422740.0
2012-08-20,2.01,2.026,1.94,1.96733,17685120.0
2012-08-17,2.01933,2.04733,1.99867,2.00067,7621830.0
2012-08-16,1.96867,2.026,1.96667,2.02,10034595.0
2012-08-15,1.95933,1.98,1.92067,1.96,7880775.0
2012-08-14,2.05,2.078,1.95067,1.96133,11900040.0
2012-08-13,1.97933,2.08667,1.94007,2.078,13050750.0
2012-08-10,1.954,1.996,1.954,1.996,10610850.0
2012-08-09,1.968,2.0,1.942,1.96067,10088760.0
2012-08-08,1.99333,2.0,1.906,1.93933,19633425.0
2012-08-07,1.918,2.06,1.9,2.01667,35809560.0
2012-08-06,1.83667,1.91333,1.83667,1.88467,22922535.0
2012-08-03,1.79333,1.83667,1.78267,1.818,18142050.0
2012-08-02,1.78933,1.79,1.70133,1.74,19575240.0
2012-08-01,1.866,1.866,1.73533,1.75,23883255.0
2012-07-31,1.836,1.86467,1.82333,1.828,23625900.0
2012-07-30,1.96733,2.01667,1.814,1.82333,30990600.0
2012-07-27,1.914,1.97733,1.87333,1.96733,25094520.0
2012-07-26,1.99333,2.0,1.84267,1.87533,33945075.0
2012-07-25,1.99467,1.99867,1.91667,1.93,42645240.0
2012-07-24,2.044,2.06933,1.97467,1.98933,22506390.0
2012-07-23,2.07,2.08667,2.04133,2.044,20801145.0
2012-07-20,2.138,2.15,2.08333,2.11933,23526990.0
2012-07-19,2.18133,2.21,2.136,2.15133,21538170.0
2012-07-18,2.09467,2.24467,2.07067,2.14333,43231260.0
2012-07-17,2.33333,2.34733,2.15867,2.22333,38538195.0
2012-07-16,2.288,2.4,2.26,2.39733,26158500.0
2012-07-13,2.198,2.29333,2.18867,2.28333,19570680.0
2012-07-12,2.086,2.20067,2.05333,2.18,16885050.0
2012-07-11,2.10467,2.112,2.06733,2.10067,9577740.0
2012-07-10,2.10267,2.16533,2.05933,2.08467,11375280.0
2012-07-09,2.06267,2.122,2.04467,2.09933,13656135.0
2012-07-06,2.066,2.11533,2.05333,2.066,11766915.0
2012-07-05,2.054,2.11133,2.05333,2.082,18806490.0
2012-07-03,2.04,2.06667,2.02667,2.044,14206920.0
2012-07-02,2.09,2.12,2.01267,2.02667,19733010.0
2012-06-29,2.18667,2.18667,2.06667,2.086,16885560.0
2012-06-28,2.12667,2.14067,2.04133,2.094,13710600.0
2012-06-27,2.12667,2.16333,2.10467,2.13067,15707910.0
2012-06-26,2.13667,2.15667,2.09267,2.10733,39207735.0
2012-06-25,2.26333,2.27467,2.18333,2.20733,20679540.0
2012-06-22,2.17333,2.26533,2.164,2.25267,45711780.0
2012-06-21,2.284,2.28533,2.12267,2.146,28378425.0
2012-06-20,2.23333,2.3,2.214,2.252,51335130.0
2012-06-19,2.13467,2.17733,2.1,2.13933,13665435.0
2012-06-18,1.996,2.15533,1.96667,2.12267,18851940.0
2012-06-15,1.95933,1.99667,1.92067,1.994,9701055.0
2012-06-14,2.012,2.04333,1.908,1.95933,13082415.0
2012-06-13,1.97,2.04267,1.96467,1.98467,12665565.0
2012-06-12,1.94867,1.98933,1.92067,1.97733,8534910.0
2012-06-11,2.02067,2.06667,1.93067,1.94133,9539205.0
2012-06-08,1.924,2.01267,1.87667,2.00533,13218135.0
2012-06-07,1.98733,1.99133,1.92333,1.92867,7380225.0
2012-06-06,1.88,1.96333,1.876,1.94333,13336530.0
2012-06-05,1.856,1.89267,1.83733,1.86067,9463275.0
2012-06-04,1.86867,1.894,1.80733,1.85867,15462510.0
2012-06-01,1.902,1.944,1.85067,1.87667,13285650.0
2012-05-31,2.00467,2.01933,1.91667,1.96667,16780515.0
2012-05-30,2.072,2.09467,2.016,2.02733,19607115.0
2012-05-29,2.00067,2.12867,2.00067,2.11267,24748755.0
2012-05-25,2.01067,2.02733,1.94667,1.98733,11355135.0
2012-05-24,2.08333,2.08333,1.97933,2.02133,15209625.0
2012-05-23,2.03733,2.07,1.96667,2.068,18641850.0
2012-05-22,2.00667,2.08933,2.0,2.05267,35492550.0
2012-05-21,1.83867,1.95067,1.808,1.918,22928385.0
2012-05-18,1.89133,1.89733,1.78867,1.83733,24247305.0
2012-05-17,1.95333,1.986,1.88267,1.90467,15302040.0
2012-05-16,1.972,2.012,1.92533,1.94533,19072995.0
2012-05-15,2.01733,2.064,1.948,1.962,23785230.0
2012-05-14,2.128,2.142,2.00333,2.004,21132405.0
2012-05-11,2.166,2.22933,2.144,2.15,18318075.0
2012-05-10,2.198,2.312,2.16,2.19733,84571260.0
2012-05-09,2.02,2.05133,1.984,2.004,29039895.0
2012-05-08,2.16667,2.182,1.958,2.01267,46997280.0
2012-05-07,2.13067,2.172,2.10733,2.16467,17369535.0
2012-05-04,2.15467,2.164,2.09333,2.122,18712290.0
2012-05-03,2.26067,2.26667,2.142,2.164,12631605.0
2012-05-02,2.23333,2.29267,2.226,2.26267,7458765.0
2012-05-01,2.20867,2.28067,2.20867,2.252,10247970.0
2012-04-30,2.218,2.224,2.172,2.20867,6207720.0
2012-04-27,2.24,2.242,2.194,2.22267,8863575.0
2012-04-26,2.19733,2.23467,2.194,2.23267,6385785.0
2012-04-25,2.138,2.19933,2.138,2.194,10681995.0
2012-04-24,2.12133,2.14667,2.06667,2.12133,10117005.0
2012-04-23,2.19067,2.198,2.114,2.12933,13360725.0
2012-04-20,2.20933,2.24867,2.196,2.21067,12326610.0
2012-04-19,2.18333,2.22867,2.16667,2.21067,11623170.0
2012-04-18,2.13933,2.18333,2.102,2.17733,12346440.0
2012-04-17,2.162,2.20467,2.136,2.14933,16733070.0
2012-04-16,2.23867,2.24667,2.13933,2.15,16496265.0
2012-04-13,2.26267,2.26933,2.19,2.23933,9743700.0
2012-04-12,2.25133,2.29867,2.19467,2.22933,15507060.0
2012-04-11,2.216,2.21933,2.134,2.206,16581705.0
2012-04-10,2.21,2.25667,2.14,2.164,27715035.0
2012-04-09,2.27333,2.286,2.20667,2.21,23332125.0
2012-04-05,2.34,2.36267,2.312,2.314,15116460.0
2012-04-04,2.35133,2.366,2.31267,2.33333,67225875.0
2012-04-03,2.448,2.56467,2.44467,2.534,16521300.0
2012-04-02,2.48867,2.53133,2.43533,2.43867,15427560.0
2012-03-30,2.516,2.52933,2.44533,2.48267,13294680.0
2012-03-29,2.546,2.546,2.46867,2.48867,11945025.0
2012-03-28,2.51933,2.56267,2.474,2.52333,14324550.0
2012-03-27,2.47733,2.66333,2.46867,2.52933,38100795.0
2012-03-26,2.37333,2.53933,2.336,2.49333,47113365.0
2012-03-23,2.29533,2.30867,2.21,2.272,17558505.0
2012-03-22,2.33133,2.34333,2.28667,2.29333,6881385.0
2012-03-21,2.32933,2.35333,2.30667,2.34333,9106545.0
2012-03-20,2.332,2.34667,2.30467,2.33067,8505015.0
2012-03-19,2.35067,2.35467,2.30267,2.332,15233790.0
2012-03-16,2.33267,2.39267,2.322,2.35467,9601380.0
2012-03-15,2.352,2.36533,2.31867,2.33333,8573940.0
2012-03-14,2.4,2.4,2.32,2.35267,12771960.0
2012-03-13,2.43333,2.43933,2.36667,2.406,15024645.0
2012-03-12,2.31267,2.41933,2.30667,2.40067,29467800.0
2012-03-09,2.21333,2.354,2.21333,2.316,23299845.0
2012-03-08,2.20733,2.23267,2.20267,2.20467,9499005.0
2012-03-07,2.20733,2.22,2.194,2.208,4120935.0
2012-03-06,2.21667,2.21867,2.17467,2.20733,8606235.0
2012-03-05,2.27733,2.29333,2.23067,2.25133,7004070.0
2012-03-02,2.284,2.3,2.24733,2.26933,8249565.0
2012-03-01,2.234,2.3,2.22067,2.294,10551525.0
2012-02-29,2.254,2.27467,2.20933,2.22733,8035260.0
2012-02-28,2.246,2.296,2.21133,2.254,9182745.0
2012-02-27,2.22733,2.26667,2.2,2.24133,9089295.0
2012-02-24,2.29933,2.30133,2.218,2.25,14397990.0
2012-02-23,2.266,2.33133,2.23733,2.302,12305175.0
2012-02-22,2.3,2.31467,2.16667,2.28133,24824775.0
2012-02-21,2.32467,2.32467,2.254,2.3,17036820.0
2012-02-17,2.266,2.33133,2.23333,2.33133,20649675.0
2012-02-16,2.23333,2.30067,2.16933,2.27933,31178250.0
2012-02-15,2.20667,2.294,2.15133,2.24,40337115.0
2012-02-14,2.10933,2.25267,2.09333,2.21133,27161625.0
2012-02-13,2.10333,2.13733,2.06,2.09933,17367870.0
2012-02-10,2.15067,2.15133,1.98933,2.07333,28154625.0
2012-02-09,2.13333,2.19333,2.09533,2.172,19162140.0
2012-02-08,2.10733,2.134,2.086,2.12867,9354390.0
2012-02-07,2.12,2.12,2.05467,2.10667,14089725.0
2012-02-06,2.07333,2.12667,2.07,2.12,9782415.0
2012-02-03,2.02733,2.08867,2.01667,2.07667,11466270.0
2012-02-02,1.98133,2.05867,1.97333,2.01667,11872260.0
2012-02-01,1.942,1.98,1.93333,1.972,7847535.0
2012-01-31,1.992,2.0,1.92467,1.938,14346195.0
2012-01-30,1.96533,1.974,1.902,1.97133,10352205.0
2012-01-27,1.9,1.98133,1.9,1.95533,11225415.0
2012-01-26,1.86667,1.972,1.86667,1.92933,19065420.0
2012-01-25,1.818,1.86733,1.80333,1.86467,9166680.0
2012-01-24,1.77533,1.84533,1.76267,1.828,12868710.0
2012-01-23,1.78733,1.814,1.77333,1.78467,8917995.0
2012-01-20,1.79467,1.8,1.76,1.77333,9716835.0
2012-01-19,1.80133,1.84933,1.774,1.784,18693330.0
2012-01-18,1.77933,1.792,1.75,1.78733,18902745.0
2012-01-17,1.77733,1.82267,1.76067,1.77333,69770865.0
2012-01-13,1.89667,1.9,1.50933,1.51933,82544295.0
2012-01-12,1.88467,1.908,1.854,1.88333,10939500.0
2012-01-11,1.84133,1.892,1.82,1.882,10083585.0
2012-01-10,1.82933,1.85067,1.81667,1.84133,10075980.0
2012-01-09,1.8,1.83267,1.74133,1.81667,13454265.0
2012-01-06,1.81667,1.85267,1.76067,1.794,14794305.0
2012-01-05,1.85067,1.862,1.79,1.808,15081480.0
2012-01-04,1.88067,1.91133,1.83333,1.84733,9246990.0
2012-01-03,1.92933,1.96667,1.84333,1.872,13920780.0
2011-12-30,1.89933,1.932,1.88333,1.904,5097900.0
2011-12-29,1.906,1.956,1.90333,1.91533,7322250.0
2011-12-28,1.93267,1.94933,1.86933,1.90067,8627070.0
2011-12-27,1.844,1.918,1.84267,1.90467,11661045.0
2011-12-23,1.86667,1.86667,1.83467,1.86,8870850.0
2011-12-22,1.84,1.87,1.82,1.85133,15139530.0
2011-12-21,1.86067,1.87133,1.73533,1.838,25581105.0
2011-12-20,1.87,1.89667,1.848,1.86,12649215.0
2011-12-19,1.874,1.9,1.82467,1.85,14804280.0
2011-12-16,1.91667,1.92867,1.86533,1.86667,15444075.0
2011-12-15,1.924,1.94467,1.87467,1.908,9704430.0
2011-12-14,1.96667,1.97867,1.86667,1.902,17457600.0
2011-12-13,2.038,2.062,1.92733,1.96333,14910225.0
2011-12-12,2.02933,2.04133,2.00133,2.02733,11379855.0
2011-12-09,2.036,2.07467,2.01867,2.06933,18591660.0
2011-12-08,2.056,2.11,1.974,2.05933,49589175.0
2011-12-07,2.30867,2.326,2.25333,2.27933,10113660.0
2011-12-06,2.28,2.332,2.26867,2.32467,14275650.0
2011-12-05,2.23533,2.33333,2.22867,2.29467,17400750.0
2011-12-02,2.18867,2.246,2.16,2.22,12040770.0
2011-12-01,2.17133,2.266,2.132,2.17333,15451620.0
2011-11-30,2.18133,2.19533,2.148,2.18267,11403975.0
2011-11-29,2.16667,2.20467,2.10867,2.11667,8865810.0
2011-11-28,2.13333,2.21867,2.12067,2.17067,10216860.0
2011-11-25,2.124,2.16067,2.072,2.11067,3593925.0
2011-11-23,2.11733,2.13667,2.08333,2.09667,6775695.0
2011-11-22,2.11733,2.186,2.07,2.138,10987770.0
2011-11-21,2.15267,2.16267,2.07,2.11733,15472860.0
2011-11-18,2.24267,2.274,2.16933,2.17333,13540935.0
2011-11-17,2.3,2.32667,2.21267,2.24533,20238975.0
2011-11-16,2.232,2.33333,2.22667,2.32933,27497040.0
2011-11-15,2.19467,2.29333,2.182,2.262,13363575.0
2011-11-14,2.2,2.236,2.17467,2.21467,19884840.0
2011-11-11,2.12667,2.3,2.038,2.24267,58024140.0
2011-11-10,2.06267,2.1,2.04333,2.08867,11209095.0
2011-11-09,2.058,2.09933,2.02,2.05867,13353855.0
2011-11-08,2.09133,2.13333,2.048,2.12267,17517450.0
2011-11-07,2.10933,2.13333,2.05,2.08467,18994035.0
2011-11-04,2.09733,2.16,2.034,2.154,45496605.0
2011-11-03,2.0,2.166,1.96867,2.164,37659045.0
2011-11-02,1.93333,1.95067,1.88333,1.914,13132815.0
2011-11-01,1.89333,1.928,1.86667,1.92533,9536625.0
2011-10-31,1.96667,1.96733,1.91667,1.958,17009535.0
2011-10-28,1.89667,2.0,1.86733,1.99133,18959595.0
2011-10-27,1.88933,1.93,1.874,1.91733,13040025.0
2011-10-26,1.88333,1.89133,1.82667,1.86533,7657185.0
2011-10-25,1.882,1.924,1.85333,1.88333,9815565.0
2011-10-24,1.858,1.926,1.85,1.90333,13811640.0
2011-10-21,1.82667,1.88667,1.80067,1.86867,17138250.0
2011-10-20,1.82933,1.83133,1.8,1.82267,14994705.0
2011-10-19,1.87067,1.87067,1.82,1.838,11892750.0
2011-10-18,1.82,1.89533,1.78067,1.88933,14995350.0
2011-10-17,1.85733,1.86667,1.81733,1.828,11316585.0
2011-10-14,1.86733,1.90333,1.81733,1.87,21007035.0
2011-10-13,1.84867,1.898,1.82933,1.86267,15651195.0
2011-10-12,1.81667,1.86667,1.81333,1.85333,16850460.0
2011-10-11,1.834,1.85133,1.806,1.84067,8634045.0
2011-10-10,1.82333,1.87867,1.8,1.85867,13851240.0
2011-10-07,1.8,1.84,1.73667,1.79933,16390275.0
2011-10-06,1.69867,1.84,1.668,1.79733,26535390.0
2011-10-05,1.602,1.722,1.55667,1.69133,18441210.0
2011-10-04,1.55267,1.62133,1.52867,1.57733,18003210.0
2011-10-03,1.66333,1.66667,1.55,1.582,15346950.0
2011-09-30,1.65333,1.65933,1.566,1.626,20040810.0
2011-09-29,1.71467,1.72133,1.57,1.608,13943175.0
2011-09-28,1.73333,1.76667,1.634,1.63933,10848090.0
2011-09-27,1.73333,1.79933,1.70467,1.746,10116435.0
2011-09-26,1.76667,1.768,1.66,1.70133,14020725.0
2011-09-23,1.69467,1.77467,1.69,1.75867,17344920.0
2011-09-22,1.70933,1.74067,1.65867,1.70867,11637030.0
2011-09-21,1.73,1.79667,1.71333,1.72333,14813655.0
2011-09-20,1.718,1.77333,1.71133,1.734,17705265.0
2011-09-19,1.662,1.72067,1.588,1.718,16065945.0
2011-09-16,1.63267,1.72267,1.63267,1.72,21256110.0
2011-09-15,1.63867,1.662,1.622,1.65467,8437680.0
2011-09-14,1.62267,1.656,1.586,1.62267,12461655.0
2011-09-13,1.534,1.60667,1.51667,1.60533,10896915.0
2011-09-12,1.526,1.554,1.49667,1.52533,8498565.0
2011-09-09,1.558,1.57133,1.50333,1.53133,10038945.0
2011-09-08,1.572,1.602,1.552,1.574,7585455.0
2011-09-07,1.56133,1.6,1.552,1.58933,6887790.0
2011-09-06,1.5,1.54667,1.486,1.52933,12146400.0
2011-09-02,1.584,1.584,1.512,1.538,10188075.0
2011-09-01,1.644,1.658,1.58933,1.6,12721275.0
2011-08-31,1.65333,1.7,1.61867,1.64933,12356025.0
2011-08-30,1.63333,1.65133,1.606,1.642,5492385.0
2011-08-29,1.61467,1.65667,1.60133,1.64733,12049530.0
2011-08-26,1.514,1.59667,1.47133,1.582,11426340.0
2011-08-25,1.59133,1.59133,1.52667,1.54067,10196100.0
2011-08-24,1.54,1.59533,1.522,1.59133,10263570.0
2011-08-23,1.462,1.54067,1.43333,1.53067,13034520.0
2011-08-22,1.54067,1.58667,1.44533,1.46333,14791215.0
2011-08-19,1.58667,1.61467,1.46667,1.48667,20629155.0
2011-08-18,1.66667,1.67667,1.56467,1.61733,15848535.0
2011-08-17,1.75933,1.77667,1.70067,1.722,9655080.0
2011-08-16,1.742,1.76933,1.722,1.74,8065320.0
2011-08-15,1.77467,1.78333,1.72867,1.74867,9680370.0
2011-08-12,1.70667,1.80933,1.69067,1.754,15135300.0
2011-08-11,1.60267,1.71667,1.6,1.68667,12448260.0
2011-08-10,1.69333,1.696,1.57533,1.588,23400705.0
2011-08-09,1.62667,1.69667,1.58,1.67067,20000730.0
2011-08-08,1.544,1.62933,1.54,1.576,39127080.0
2011-08-05,1.666,1.692,1.522,1.616,29460825.0
2011-08-04,1.76733,1.79267,1.64467,1.65,45977745.0
2011-08-03,1.83333,1.85533,1.756,1.81333,27012420.0
2011-08-02,1.91267,1.94667,1.818,1.82267,23191800.0
2011-08-01,1.91133,1.932,1.88067,1.918,17472330.0
2011-07-29,1.84867,1.89333,1.83333,1.878,14221905.0
2011-07-28,1.84,1.90333,1.836,1.878,13595340.0
2011-07-27,1.9,1.9,1.834,1.84267,14376045.0
2011-07-26,1.88733,1.918,1.86467,1.86667,11407980.0
2011-07-25,1.934,1.95,1.896,1.89933,10100865.0
2011-07-22,1.91333,1.96933,1.90333,1.95267,8758020.0
2011-07-21,1.92733,1.944,1.87333,1.91333,15180090.0
2011-07-20,1.86667,2.02933,1.85333,1.91267,45337185.0
2011-07-19,1.83867,1.874,1.836,1.85933,15390720.0
2011-07-18,1.82267,1.83,1.77533,1.81533,12778155.0
2011-07-15,1.85267,1.85533,1.82667,1.83867,10634310.0
2011-07-14,1.93067,1.93067,1.81667,1.84067,17386965.0
2011-07-13,1.896,1.93533,1.86,1.90933,15989130.0
2011-07-12,1.89133,1.93933,1.86667,1.878,15679590.0
2011-07-11,1.89333,1.902,1.86667,1.89,14635545.0
2011-07-08,1.99267,1.99267,1.906,1.92067,18608700.0
2011-07-07,1.94267,2.0,1.934,1.982,19342275.0
2011-07-06,1.94267,1.94267,1.90333,1.93067,13903335.0
2011-07-05,1.946,1.968,1.914,1.94267,14939835.0
2011-07-01,1.938,1.97333,1.92,1.93467,12822585.0
2011-06-30,1.90667,1.95533,1.89333,1.942,14199810.0
2011-06-29,1.9,1.93933,1.87133,1.886,21888120.0
2011-06-28,1.85267,1.88333,1.84467,1.874,13336980.0
2011-06-27,1.84867,1.88533,1.82067,1.83067,27140505.0
2011-06-24,1.846,1.86467,1.81733,1.838,49895520.0
2011-06-23,1.81333,1.848,1.74733,1.84733,17549850.0
2011-06-22,1.83533,1.88333,1.80667,1.814,22132995.0
2011-06-21,1.74933,1.84867,1.73333,1.83533,22448445.0
2011-06-20,1.75267,1.764,1.7,1.734,23065635.0
2011-06-17,1.79133,1.84667,1.74267,1.76667,25469040.0
2011-06-16,1.84467,1.86667,1.716,1.76667,27631860.0
2011-06-15,1.896,1.89667,1.80467,1.82133,20198685.0
2011-06-14,1.90267,1.98,1.90133,1.90667,23599650.0
2011-06-13,1.87133,1.92533,1.85867,1.89533,25704615.0
2011-06-10,1.83467,1.88667,1.82333,1.85733,23497980.0
2011-06-09,1.82867,1.87333,1.80667,1.84133,24046800.0
2011-06-08,1.894,1.90667,1.80133,1.808,25437540.0
2011-06-07,1.92933,1.95933,1.884,1.89133,18331485.0
2011-06-06,2.00667,2.00867,1.884,1.91333,34965255.0
2011-06-03,1.99667,2.1,1.96667,2.00867,93140010.0
2011-06-02,1.90133,1.95467,1.90067,1.91733,14794410.0
2011-06-01,2.0,2.00667,1.892,1.90133,22948440.0
2011-05-31,1.97933,2.01867,1.97,2.00933,49352745.0
2011-05-27,1.96933,1.978,1.92133,1.97,25306035.0
2011-05-26,1.92133,1.984,1.87333,1.96533,50053365.0
2011-05-25,1.79333,1.934,1.74467,1.932,70397235.0
2011-05-24,1.80133,1.83333,1.77333,1.78133,9205095.0
2011-05-23,1.836,1.84133,1.77467,1.788,12953220.0
2011-05-20,1.88333,1.88533,1.82333,1.86467,12638010.0
2011-05-19,1.8,1.896,1.77333,1.88,39826005.0
2011-05-18,1.74,1.76467,1.70133,1.75667,10941105.0
2011-05-17,1.8,1.8,1.71467,1.73067,18512340.0
2011-05-16,1.866,1.866,1.77,1.77333,11334330.0
2011-05-13,1.86667,1.87933,1.82,1.83667,9923655.0
2011-05-12,1.80467,1.84933,1.77667,1.84467,9416100.0
2011-05-11,1.88,1.88667,1.79467,1.80467,14438475.0
2011-05-10,1.88267,1.93,1.86067,1.88867,23032020.0
2011-05-09,1.8,1.86667,1.79,1.86067,13722045.0
2011-05-06,1.79933,1.84667,1.77467,1.808,14724090.0
2011-05-05,1.81667,1.82933,1.74467,1.76267,18291735.0
2011-05-04,1.78533,1.8,1.71667,1.77933,15670485.0
2011-05-03,1.82533,1.826,1.76667,1.79133,13709475.0
2011-05-02,1.84,1.85333,1.804,1.83,11768400.0
2011-04-29,1.846,1.858,1.828,1.84,10893600.0
2011-04-28,1.80467,1.846,1.78133,1.844,24673455.0
2011-04-27,1.79533,1.824,1.77533,1.80533,14953515.0
2011-04-26,1.77733,1.81667,1.754,1.79533,20585145.0
2011-04-25,1.78,1.782,1.73133,1.75933,12012585.0
2011-04-21,1.72267,1.79867,1.706,1.78267,20790795.0
2011-04-20,1.71333,1.73933,1.68667,1.71667,12557535.0
2011-04-19,1.684,1.684,1.64333,1.67733,8230395.0
2011-04-18,1.67533,1.708,1.624,1.66867,15508065.0
2011-04-15,1.71,1.74533,1.694,1.70533,14151765.0
2011-04-14,1.656,1.68533,1.61333,1.676,14750730.0
2011-04-13,1.67533,1.71267,1.654,1.662,18171660.0
2011-04-12,1.672,1.68067,1.62,1.64333,20361015.0
2011-04-11,1.76467,1.76867,1.668,1.68467,20549100.0
2011-04-08,1.83867,1.84,1.75733,1.766,29195280.0
2011-04-07,1.79,1.86267,1.76333,1.816,42161490.0
2011-04-06,1.8,1.80067,1.72,1.766,19324455.0
2011-04-05,1.72667,1.8,1.71267,1.78,47724405.0
2011-04-04,1.78533,1.8,1.682,1.722,39138405.0
2011-04-01,1.84667,1.87867,1.77133,1.77733,42971805.0
2011-03-31,1.76667,1.914,1.76667,1.85,172799715.0
2011-03-30,1.60733,1.63267,1.534,1.58067,18349155.0
2011-03-29,1.554,1.6,1.54733,1.59467,11333865.0
2011-03-28,1.51333,1.56933,1.50333,1.55,15870270.0
2011-03-25,1.49667,1.53333,1.49333,1.51667,8518830.0
2011-03-24,1.476,1.492,1.46533,1.48867,6932400.0
2011-03-23,1.474,1.48467,1.45133,1.48067,6341895.0
2011-03-22,1.516,1.524,1.46667,1.47933,8742195.0
2011-03-21,1.534,1.53667,1.50267,1.51533,6174750.0
2011-03-18,1.546,1.546,1.50067,1.53067,10317345.0
2011-03-17,1.54933,1.562,1.50933,1.52067,13837560.0
2011-03-16,1.524,1.55,1.51267,1.52133,17545140.0
2011-03-15,1.47733,1.53067,1.45333,1.53,19783035.0
2011-03-14,1.588,1.6,1.54667,1.55,17489565.0
2011-03-11,1.59,1.61667,1.56867,1.60467,13961910.0
2011-03-10,1.62867,1.63267,1.582,1.60067,15254205.0
2011-03-09,1.644,1.666,1.618,1.648,13870815.0
2011-03-08,1.64,1.664,1.6,1.644,20997765.0
2011-03-07,1.65933,1.69333,1.64667,1.66267,30502965.0
2011-03-04,1.63067,1.666,1.58533,1.66333,23701500.0
2011-03-03,1.632,1.65267,1.604,1.624,9602100.0
2011-03-02,1.588,1.61867,1.582,1.60133,9949410.0
2011-03-01,1.60333,1.62133,1.58,1.596,16595250.0
2011-02-28,1.582,1.60667,1.56667,1.59267,15766590.0
2011-02-25,1.516,1.59,1.51267,1.574,20208855.0
2011-02-24,1.452,1.50533,1.43333,1.502,15831750.0
2011-02-23,1.47867,1.5,1.40733,1.45533,24082620.0
2011-02-22,1.52333,1.53333,1.452,1.458,30968100.0
2011-02-18,1.55533,1.566,1.53067,1.54533,34764405.0
2011-02-16,1.54,1.66467,1.538,1.64867,61729590.0
2011-02-15,1.534,1.54467,1.504,1.52267,14334090.0
2011-02-14,1.576,1.60933,1.53667,1.53867,19246560.0
2011-02-11,1.55,1.58333,1.52933,1.55,9248865.0
2011-02-10,1.55067,1.576,1.52067,1.54733,12540300.0
2011-02-09,1.60867,1.612,1.51933,1.54733,39537930.0
2011-02-08,1.58533,1.68333,1.53333,1.63267,52577745.0
2011-02-07,1.55067,1.55067,1.52533,1.538,13425165.0
2011-02-04,1.578,1.578,1.548,1.564,8038770.0
2011-02-03,1.588,1.59333,1.54333,1.57533,7681005.0
2011-02-02,1.61067,1.612,1.578,1.596,8542080.0
2011-02-01,1.62067,1.64867,1.56933,1.594,10616865.0
2011-01-31,1.60333,1.608,1.56667,1.60667,12467265.0
2011-01-28,1.654,1.65667,1.58333,1.60067,15081675.0
2011-01-27,1.64933,1.672,1.63533,1.66133,13434825.0
2011-01-26,1.64733,1.65867,1.60667,1.65,16198005.0
2011-01-25,1.64333,1.65933,1.60133,1.64533,19071855.0
2011-01-24,1.56867,1.654,1.54867,1.63267,24677835.0
2011-01-21,1.54933,1.57267,1.514,1.536,17232990.0
2011-01-20,1.602,1.63,1.49133,1.508,34197870.0
2011-01-19,1.69667,1.698,1.58333,1.602,35572710.0
2011-01-18,1.69867,1.70933,1.65,1.70933,24338085.0
2011-01-14,1.742,1.772,1.70733,1.71667,17071785.0
2011-01-13,1.79733,1.798,1.744,1.748,10852830.0
2011-01-12,1.80067,1.82667,1.768,1.79733,14470830.0
2011-01-11,1.906,1.914,1.79467,1.79733,25660515.0
2011-01-10,1.87667,1.912,1.87,1.89667,20139180.0
2011-01-07,1.86667,1.90533,1.86,1.88267,22708245.0
2011-01-06,1.78733,1.86667,1.78733,1.85867,30916755.0
2011-01-05,1.76533,1.79333,1.746,1.78867,21703035.0
2011-01-04,1.77733,1.79667,1.73467,1.778,17836065.0
2011-01-03,1.78933,1.8,1.72667,1.77467,19243560.0
2010-12-31,1.78533,1.8,1.76667,1.77533,18178245.0
2010-12-30,1.84667,1.86,1.75867,1.76667,30616005.0
2010-12-29,1.802,1.86733,1.76667,1.84867,49791450.0
2010-12-28,1.72333,1.78333,1.66667,1.76067,60844050.0
2010-12-27,1.868,1.90533,1.67067,1.70333,139528935.0
2010-12-23,2.084,2.16533,1.99467,2.006,23287875.0
2010-12-22,2.15,2.19067,2.11333,2.17533,12498840.0
2010-12-21,2.12,2.17933,2.114,2.15067,11665170.0
2010-12-20,2.10933,2.146,2.084,2.11333,7849800.0
2010-12-17,2.08933,2.10267,2.04733,2.09067,10124325.0
2010-12-16,2.0,2.06067,1.97667,2.054,11851050.0
2010-12-15,1.91133,1.998,1.902,1.97333,11143500.0
2010-12-14,2.01933,2.026,1.85067,1.902,26485275.0
2010-12-13,2.10933,2.118,2.02667,2.03667,6154965.0
2010-12-10,2.13667,2.19467,2.07533,2.10133,6413715.0
2010-12-09,2.16733,2.18133,2.11,2.13667,6089745.0
2010-12-08,2.16533,2.166,2.10133,2.158,9899700.0
2010-12-07,2.03267,2.16,2.00333,2.104,19673220.0
2010-12-06,2.09,2.09667,1.97067,2.02067,19115625.0
2010-12-03,2.134,2.15,2.058,2.09933,16552350.0
2010-12-02,2.26733,2.28667,2.08,2.15667,30104505.0
2010-12-01,2.39133,2.428,2.23,2.29,19487625.0
2010-11-30,2.24933,2.35533,2.22733,2.35533,33338370.0
2010-11-29,2.36067,2.39667,2.222,2.28867,17183145.0
2010-11-26,2.37333,2.4,2.31667,2.35467,5141310.0
2010-11-24,2.35133,2.398,2.28867,2.36467,21374385.0
2010-11-23,2.21933,2.37867,2.146,2.30467,23669550.0
2010-11-22,2.10467,2.23,2.1,2.22667,22944330.0
2010-11-19,2.01067,2.09133,0.535333,2.066,17183295.0
2010-11-18,2.04467,2.04933,1.928,1.99267,14343720.0
2010-11-17,2.01333,2.05,1.90733,1.966,11249115.0
2010-11-16,2.06667,2.09333,1.89467,1.978,20212965.0
2010-11-15,2.01467,2.196,2.01467,2.05333,39363495.0
2010-11-12,1.88333,2.03333,1.87133,1.98933,40029195.0
2010-11-11,1.90667,1.94,1.822,1.86933,29171910.0
2010-11-10,1.632,1.998,1.60333,1.95733,45915570.0
2010-11-09,1.66667,1.71267,1.60333,1.642,14349735.0
2010-11-08,1.63333,1.66667,1.602,1.66533,7640625.0
2010-11-05,1.658,1.66467,1.58133,1.62933,14810790.0
2010-11-04,1.50667,1.68867,1.47667,1.66,28122015.0
2010-11-03,1.41867,1.5,1.41067,1.45133,5612985.0
2010-11-02,1.44533,1.45867,1.40333,1.41667,4836975.0
2010-11-01,1.46267,1.51667,1.42067,1.42733,6836760.0
2010-10-29,1.40933,1.45667,1.40333,1.456,4184325.0
2010-10-28,1.426,1.43333,1.39733,1.41267,3362850.0
2010-10-27,1.41667,1.42533,1.37667,1.4,5347500.0
2010-10-26,1.38667,1.458,1.36733,1.424,9912615.0
2010-10-25,1.396,1.39867,1.382,1.39,1779210.0
2010-10-22,1.37867,1.39533,1.37,1.38133,2415315.0
2010-10-21,1.374,1.39667,1.36333,1.38333,6256485.0
2010-10-20,1.344,1.37933,1.336,1.37667,4686660.0
2010-10-19,1.34667,1.36067,1.33333,1.33667,3676905.0
2010-10-18,1.368,1.376,1.348,1.34867,2440935.0
2010-10-15,1.39267,1.39333,1.35,1.36933,4245675.0
2010-10-14,1.4,1.402,1.36,1.38333,4419300.0
2010-10-13,1.376,1.39,1.35733,1.36933,4788000.0
2010-10-12,1.34667,1.352,1.33533,1.34933,3658680.0
2010-10-11,1.36267,1.38,1.338,1.34933,2567910.0
2010-10-08,1.362,1.386,1.35933,1.362,3993285.0
2010-10-07,1.37133,1.376,1.356,1.362,2113800.0
2010-10-06,1.404,1.41733,1.35467,1.364,4700355.0
2010-10-05,1.41,1.41867,1.40067,1.408,4979040.0
2010-10-04,1.362,1.41133,1.35333,1.39933,9653985.0
2010-10-01,1.37933,1.38333,1.354,1.37333,7837770.0
2010-09-30,1.46667,1.47667,1.346,1.36067,32949375.0
2010-09-29,1.41267,1.46867,1.40867,1.46533,29541855.0
2010-09-28,1.40267,1.43267,1.384,1.42667,18216975.0
2010-09-27,1.36,1.38733,1.33667,1.36867,6278955.0
2010-09-24,1.33,1.346,1.31,1.34,8597805.0
2010-09-23,1.326,1.34267,1.3,1.304,10021140.0
2010-09-22,1.39133,1.39667,1.32,1.32467,14442240.0
2010-09-21,1.39267,1.43667,1.378,1.38467,11940000.0
2010-09-20,1.378,1.42333,1.344,1.40333,14212125.0
2010-09-17,1.40133,1.42133,1.32,1.34867,17622900.0
2010-09-16,1.47667,1.544,1.38933,1.396,40282200.0
2010-09-15,1.39867,1.46667,1.386,1.46533,10268370.0
2010-09-14,1.36933,1.44,1.36867,1.408,9819435.0
2010-09-13,1.39267,1.39333,1.36667,1.38133,5410545.0
2010-09-10,1.38333,1.39533,1.31733,1.34467,5785335.0
2010-09-09,1.4,1.40333,1.37933,1.38067,5642955.0
2010-09-08,1.37733,1.39667,1.37333,1.39333,4325730.0
2010-09-07,1.374,1.4,1.36667,1.36933,3650025.0
2010-09-03,1.39133,1.42,1.37733,1.40333,6389340.0
2010-09-02,1.358,1.416,1.354,1.404,7305900.0
2010-09-01,1.308,1.37933,1.30667,1.36333,7423275.0
2010-08-31,1.31067,1.31933,1.28867,1.29867,3015180.0
2010-08-30,1.31333,1.346,1.30733,1.32467,10990965.0
2010-08-27,1.31667,1.32467,1.3,1.31333,5672175.0
2010-08-26,1.326,1.35133,1.30667,1.31667,6506040.0
2010-08-25,1.27733,1.332,1.23733,1.32667,7549335.0
2010-08-24,1.28333,1.314,1.26333,1.28,10096110.0
2010-08-23,1.27267,1.35933,1.26667,1.342,16320435.0
2010-08-20,1.24333,1.274,1.234,1.27333,4462485.0
2010-08-19,1.236,1.28333,1.222,1.25267,8686230.0
2010-08-18,1.306,1.306,1.24,1.25133,9019980.0
2010-08-17,1.264,1.29333,1.252,1.27667,6718215.0
2010-08-16,1.23,1.25333,1.21733,1.252,7293165.0
2010-08-13,1.212,1.23,1.17733,1.22133,9517695.0
2010-08-12,1.18667,1.19333,1.15933,1.17333,10369215.0
2010-08-11,1.246,1.25867,1.19,1.19333,11964750.0
2010-08-10,1.31,1.31,1.25467,1.26867,19219290.0
2010-08-09,1.32667,1.332,1.29667,1.30667,12189840.0
2010-08-06,1.34,1.344,1.30133,1.306,11132070.0
2010-08-05,1.436,1.43667,1.33667,1.36333,11945700.0
2010-08-04,1.46333,1.47867,1.39,1.41733,13811340.0
2010-08-03,1.4,1.46333,1.388,1.46333,18465345.0
2010-08-02,1.36667,1.398,1.35533,1.39467,10787175.0
2010-07-30,1.34667,1.36267,1.30333,1.32933,6402450.0
2010-07-29,1.38467,1.392,1.33333,1.35667,9238650.0
2010-07-28,1.37,1.39333,1.36733,1.38133,7007745.0
2010-07-27,1.394,1.412,1.35067,1.37,9295125.0
2010-07-26,1.43333,1.43333,1.35333,1.39667,13836795.0
2010-07-23,1.41267,1.43733,1.404,1.41933,9810735.0
2010-07-22,1.36667,1.41667,1.358,1.4,14435175.0
2010-07-21,1.37733,1.39333,1.3,1.348,18801630.0
2010-07-20,1.45667,1.45667,1.33667,1.35333,27378465.0
2010-07-19,1.42467,1.48333,1.39467,1.46067,37297335.0
2010-07-16,1.38,1.42,1.33667,1.376,39318150.0
2010-07-15,1.32933,1.43333,1.26667,1.326,56179455.0
2010-07-14,1.196,1.34333,1.184,1.32267,62941650.0
2010-07-13,1.15933,1.24267,1.12667,1.20933,40200900.0
2010-07-12,1.19667,1.20467,1.13333,1.13667,33053550.0
2010-07-09,1.172,1.19333,1.10333,1.16,60879090.0
2010-07-08,1.076,1.168,1.038,1.164,115793085.0
2010-07-07,1.09333,1.10867,0.998667,1.05333,103873710.0
2010-07-06,1.33333,1.33333,1.05533,1.074,103189440.0
2010-07-02,1.53333,1.54,1.24733,1.28,77127105.0
2010-07-01,1.66667,1.728,1.35133,1.464,123447945.0
2010-06-30,1.71933,2.028,1.55333,1.58867,257915910.0
2010-06-29,1.26667,1.66667,1.16933,1.59267,281749140.0
2010-06-28,1.13333,1.13333,1.13333,1.13333,
